config,seeds,acc,acc_sd,forgetting,fit_min
bp_none,3,0.19699999999999998,0.00017320508075688868,0.9981331818490004,0.149950114885966
bp_er_200,3,0.7048,0.0053563046963367965,0.36781154986584125,0.30255981153912015
bp_er_1000,6,0.8901628410290604,0.006610585007503575,0.13100361976921324,0.3140771653917101
bp_er_5000,3,0.9558666666666666,0.000850490054811581,0.04709726308520982,0.35295432011286415
ctx_none,3,0.19499999999999998,0.0001999999999999988,0.9951690023894285,0.35604651504092744
ctx_er_1000,3,0.8675666666666667,0.01626786197794083,0.1411754104443412,0.5911243677139282
ctx_nrem_rand_200,3,0.8690333333333333,0.0068383721259765995,0.11060061586567234,0.570598308245341
ctx_nrem_rand_1000,3,0.9068666666666667,0.0039106691669500105,0.06065200898844669,0.5430440571573045
ctx_nrem_rand_5000,3,0.8718,0.06571057753512746,0.10090393136328879,0.5470974246660868
ctx_nrem_surp_200,3,0.8018333333333333,0.014454872304290144,0.21362379505580023,0.4821089360449049
ctx_nrem_surp_1000,3,0.8332666666666667,0.005200320502943356,0.16867312115027086,0.5182671070098877
ctx_nrem_surp_5000,3,0.8415666666666667,0.0017214335111567466,0.15746333585982758,0.5079319145944383
ctx_nrem_surpbal_200,3,0.8053666666666667,0.025006865723903413,0.21215848228692855,0.4588454100820753
ctx_nrem_surpbal_1000,3,0.8898999999999999,0.05035007447859432,0.08808638028462502,0.5598458038436042
ctx_nrem_rand_5000_R40,3,0.9361666666666667,0.004292241061885178,0.032669143176135035,0.7012331618203057
ctx_nrem_rand_5000_g2,3,0.8614,0.02859318100526774,0.12183167268786559,0.5352014051543341
ctx_nrem_rand_1000_g2,3,0.8635333333333334,0.04619570687123784,0.12144451979264187,0.52356499698427
bp_nrem_rand_200,3,0.8218666666666666,0.007899578047803155,0.14120011625803686,0.23936090999179419
bp_nrem_rand_1000,3,0.8062666666666667,0.06705492773341373,0.19468026398593538,0.2575235962867737
b0_only_200,3,0.8406666666666666,0.03614558525371162,0.14599421372837865,0.6316771282090081
gen_only_0,3,0.3831333333333333,0.037603501610000804,0.7562684155133592,0.6382614745034112
gen_200,3,0.8405666666666667,0.002753785273643008,0.15502795135272496,0.8513785309261745
gen_1000,3,0.8723666666666666,0.04199349155920874,0.1076117995290743,0.8963039477666219
neg_200,3,0.6696666666666666,0.03785001100836479,0.28289555499048713,0.7681183245446946
gen_neg_200,3,0.7049666666666666,0.023885002267810918,0.30224018511787465,0.9382485906283061
gen_200_R40,3,0.8496666666666667,0.003865660788705221,0.13245994426783197,1.1092148131794402
neg_200_w,3,0.7985333333333333,0.008085377748338885,0.2008290941200741,0.7545290602578058
neg_1000_w,3,0.8786666666666667,0.003754108860080303,0.07680807027555843,0.8035056379106309
gen_neg_200_w,3,0.8225333333333333,0.015236250632400765,0.1775172648849007,0.9387717445691427
static_ctx_gen,3,0.9394333333333332,0.003401960219246176,0.0,0.4690981494055854
static_ctx_neg,3,0.9400333333333334,0.0016653327995728383,0.0,0.44928113751941257
sch_count_fixed_200,3,0.8682,0.006409368143584789,0.12269054670329893,0.5748298353619046
sch_count_err_200,3,0.8233333333333333,0.029196632225880672,0.19567456881396725,0.5095374306042989
sch_count_R11_200,3,0.7206,0.008869611039949826,0.3307264790665483,0.5969385756386651
sch_surp10_fixed_200,3,0.8556,0.012536745989290872,0.141009436170064,0.5361244916915894
sch_surp20_fixed_200,3,0.8394666666666666,0.026710360037508516,0.14942913240907224,0.4898099276754591
sch_surp10_err_200,3,0.8440333333333333,0.00664253967495361,0.17317814859033206,0.5047112027804057
sch_surp20_err_200,3,0.8495666666666667,0.02182872724950619,0.13968073004723047,0.49485430585013496
sch_surp40_err_200,3,0.8032333333333334,0.02121846679977923,0.13085374762531696,0.5090999179416232
sch_surp10_err_rem_200,3,0.8432666666666666,0.014230366591670589,0.17706873450690416,0.9651188598738776
sch_count_fixed_1000,3,0.8597,0.022400669632848008,0.13699534538123634,0.6899737662739224
sch_count_err_1000,3,0.9120666666666667,0.000981495457622392,0.06471504760001817,0.6461234794722662
sch_count_R11_1000,3,0.7725666666666666,0.011254480589229019,0.2658543193394978,0.6211586157480876
sch_surp10_fixed_1000,3,0.9065333333333333,0.008342861219829372,0.061992080811912355,0.6465001503626505
sch_surp20_fixed_1000,3,0.8416,0.029486098419424674,0.1396130533991087,0.5701361563470628
sch_surp10_err_1000,3,0.9100333333333334,0.005937451754189964,0.0757785596845455,0.6174318671226502
sch_surp20_err_1000,3,0.9061333333333333,0.002830783166074955,0.08076327699089281,0.5734893414709303
sch_surp40_err_1000,3,0.8523666666666667,0.039581603470972844,0.12910614738291867,0.4888271623187595
sch_surp10_err_rem_1000,3,0.9149666666666666,0.003932344508475019,0.06153024890308986,0.981052655643887
loc16_none_1000,3,0.8685,0.009814784765852064,0.14123111241812256,10.547978333632152
loc16_silent_1000,3,0.8778333333333332,0.009272180613713984,0.12636513848296924,10.691197628445094
loc16_used_1000,3,0.8740666666666667,0.009728994466713076,0.13095299637954638,10.655803525447846
loc16_old_1000,3,0.1918,0.0013076696830622045,0.9890393776378509,10.465690089596643
loc16_silent_iso_1000,3,0.6691666666666668,0.06038098486554633,0.39699787874094145,10.592345559597016
loc32_none_200,3,0.7596666666666666,0.03337998402236489,0.29194680530737777,3.3051201436254716
loc32_silent_200,3,0.6698,0.0359304884464433,0.40445654105013507,3.266497993469238
loc32_used_200,3,0.7678666666666666,0.001517673658377618,0.2817100025880738,3.2805462770991856
loc32_none_1000,3,0.8512666666666666,0.016574176701523707,0.1738723664256914,3.5847453514734906
loc32_silent_1000,3,0.7003333333333334,0.04394568617433721,0.3673461795226041,3.598475240336524
loc32_used_1000,3,0.8749333333333333,0.007023057263993616,0.14423836490567102,3.558374460538228
static_loc32_none_1000,3,0.9555666666666666,0.0021548395145191824,0.0,3.5402395553059045
static_loc32_silent_1000,3,0.9278666666666666,0.0012897028081436063,0.0,3.4673283298810325
g8_w256s10_night,3,0.8647333333333332,0.04464597779569096,0.1200510640283789,0.8114972631136577
g8_w256s10_loc_silent,3,0.8778333333333332,0.009272180613713984,0.12636513848296924,10.660076887077755
g8_w256s10_loc_none,3,0.8685,0.009814784765852064,0.14123111241812256,11.185861265659332
g8_w512s5_night,3,0.8450000000000001,0.02594667608769955,0.15171266641582523,1.2300453464190164
g8_w512s5_loc_silent,3,0.8875666666666667,0.009066605391949844,0.1117869830965129,17.598078531689115
g8_w512s5_loc_none,3,0.8605333333333333,0.004277070648625425,0.1542099994517825,17.29549144638909
g8_w1024s2_night,3,0.8549000000000001,0.03832662260100676,0.13730368747276847,2.285897750324673
g8_w1024s2_loc_silent,3,0.8798666666666666,0.009200181157636721,0.11926605848512911,39.10001548396216
g8_w1024s2_loc_none,3,0.8734999999999999,0.011072939989000177,0.1232163070692618,35.66132630374696
g8_w256s10_loc_refr,3,0.9008666666666666,0.005704676444228337,0.07967964823778,6.770592900117238
g8_w512s5_loc_refr,3,0.9037666666666667,0.0024131583730317967,0.08230740347561066,10.850113724337684
g8_w256s10_combo,3,0.9058999999999999,0.00518844870842915,0.06649131783204655,6.787186210685306
g8_w512s5_combo,3,0.9136000000000001,0.003207802986469077,0.056207296172443695,10.958177514870961
static_loc16_none_w256s10,3,0.9493333333333333,0.0015947831618541152,0.0,16.468841191132864
static_loc16_refractory_w256s10,3,0.9366333333333333,0.0012220201853215319,0.0,16.52372749911414
static_loc16_none_w512s5,3,0.9504333333333334,0.0015502687938978058,0.0,28.347224813037446
static_loc16_refractory_w512s5,3,0.9275666666666668,0.004404921490030591,0.0,25.52524651818805
static_ctx_none_w512s5,3,0.9512,0.001248999599679651,0.0,0.6252930574946933
ctx_none_w512s5,3,0.19546666666666668,5.7735026918962226e-05,0.995913606433708,0.48633312384287514
g9_dg8_w256s10_night,3,0.8242666666666668,0.039992791017048744,0.13674520008986543,1.8202878700362313
g9_dg8_w256s10_refr,1,0.7943,,0.1777020964176711,29.017146948973338
g9_dg32_w256s10_night,3,0.7988666666666667,0.02489866127592677,0.15475614537594165,2.0021388093630472
g9_dgdense_w256s10_night,3,0.5598,0.008866228059327188,0.34315341431061014,2.124433337317573
g9_dg8r_w256s10_night,3,0.8055333333333333,0.0343191394608509,0.1575511007392014,2.087708048025767
g9_dg8r_w256s10_refr,1,0.749,,0.22177656030011833,28.806765015920003
g9_dg8_w512s5_night,3,0.8356333333333333,0.013669796389607795,0.12287543118634218,3.0419970724317764
g9_dg8_w512s5_refr,1,0.7897,,0.20117038329495793,49.51488588253657
g9_dg8_w512s5_combo,1,0.7938,,0.1945564494049304,42.97316004435221
g9_dg32_w512s5_night,3,0.8322666666666666,0.007245228314782937,0.09667655283515124,2.983343233002557
g9_dgdense_w512s5_night,2,0.55095,0.014919953083036197,0.3530739124426841,2.415277942021688
g9_dg8r_w512s5_night,2,0.8089500000000001,0.027365032431919477,0.15373042913467067,2.7217287202676137
static_g9_dg8_w256s10,2,0.9144,0.0012727922061358025,0.0,1.1623669266700745
static_g9_dg32_w256s10,2,0.8989499999999999,0.000494974746830568,0.0,1.1577923774719239
static_g9_dgdense_w256s10,2,0.6557999999999999,0.0007071067811865874,0.0,1.1375853538513183
static_g9_dg8r_w256s10,2,0.9048499999999999,0.003181980515339545,0.0,1.1651891112327575
static_g9_dg8_w512s5,2,0.91335,0.001909188309203625,0.0,1.746437708536784
static_g9_dg32_w512s5,2,0.89935,0.001767766952966331,0.0,1.7750082631905875
static_g9_dgdense_w512s5,2,0.6538999999999999,0.001979898987322311,0.0,1.704869709412257
static_g9_dg8r_w512s5,2,0.90435,0.005586143571373738,0.0,1.8215582966804504
g9a_w512s5_cad2,3,0.9057333333333334,0.003493326972004427,0.07121326517292584,19.760379481315614
g9a_w512s5_cad4,3,0.879,0.004073082370883293,0.1119704389563051,15.30392535660002
g9a_w512s5_cad8,3,0.6088333333333333,0.04099235701119582,0.47480272680919083,14.12505218187968
g9a_w512s5_cad16,3,0.29016666666666663,0.03096454962264644,0.8676350717590949,11.958409588866765
g9a_w512s5_press02,3,0.8366666666666666,0.08272631584528183,0.15852899977911158,16.52684352795283
g9a_w512s5_press04,3,0.6180666666666667,0.021589194828277695,0.4608799407844866,11.552096679475572
g9a_w512s5_press08,3,0.4031,0.02498719672152117,0.7274840688166568,10.648419508669113
g9a_w512s5_press16,3,0.19130000000000003,0.0012288205727444426,0.9824175442017041,10.519478469424778
g9a_w512s5_surp03,2,0.19119999999999998,0.00028284271247459766,0.9867040875947546,9.21866022348404
g9a_w512s5_surp05,2,0.18925,0.00021213203435598016,0.9830335093894572,9.049631428718566
g9d_dg8_w256s10_night,1,0.727,,0.28489557706745205,2.089504595597585
g9d_dg8f10_w256s10_night,1,0.7915,,0.20166041426475048,2.1505266626675925
g9d_dg32_w256s10_night,1,0.7505,,0.2434096559286,2.099911117553711
g9_dg8f10_w256s10_night,1,0.8767,,0.08961603588474401,2.200040316581726
g9d_nodg_w256s10_night,1,0.8333,,0.16363669803411224,0.6796554287274679
g9_dg8f10_w512s5_refr,1,0.8723,,0.11901950762672345,67.83755715688069
g9a_w512s5_br64,3,0.9055,0.004550824101193113,0.07293693731593383,24.304057020611236
g9a_w512s5_br32,3,0.9070333333333332,0.0035949038002891795,0.07512003474385155,21.262666198942394
g9a_w512s5_br16,3,0.9083333333333333,0.0005507570547286327,0.06535988499595542,20.56526414685779
g9a_w512s5_burst8_64,3,0.8675333333333334,0.006000277771348039,0.11244013553550665,12.563106710380977
g9a_w512s5_burst16_128,3,0.8763333333333333,0.005961822987420243,0.10942809230451965,12.329883119795058
g9a_w512s5_burst4_32,3,0.6806666666666666,0.0303793241092249,0.37452778210643495,13.120226477252112
g9a_w512s5_burst32_256,3,0.7547333333333333,0.0588965477199923,0.27330024440550155,13.300900385114883
g9a_w512s5_pburst8_t32,3,0.8612333333333333,0.019505469318458674,0.11694957720328224,12.521414687898423
g9a_w512s5_pburst8_t64,3,0.7447666666666667,0.03187386599289982,0.25137732776211713,11.403966470559437
g9a_w512s5_pburst16_t64,3,0.8989666666666666,0.0013650396819628835,0.045330258831201065,15.418968411286672
g9a_w512s5_sburst8_03,1,0.1917,,0.9892819509920621,15.698824687798817
g9a_w512s5_sburst8_05,1,0.1911,,0.9866560647211473,13.472580969333649
g9a_w512s5_burst64_1024,1,0.6911,,0.31656113316931145,11.95315323670705
g9a_w512s5_burst128_2048,1,0.6984,,0.26314901802171564,11.904012473424276
g9a_w512s5_burst64_512,1,0.6269,,0.44593749502530955,13.896347284317017
g9a_w512s5_pburst8_t32_br64,3,0.8333,0.04103790930347207,0.15442865974281225,10.908548516697353
g9a_w512s5_pburst16_t64_br64,3,0.8950333333333332,0.0048387326164330575,0.05821071396734531,10.598408410284256
g9a_w512s5_burst16_128_br64,3,0.8854333333333333,0.0017387735140993326,0.08585736553241678,10.371934025817447
g9a_w512s5_pburst8_t32_br32,3,0.8614999999999999,0.008201829064300187,0.1087397144242711,9.41520332230462
g9a_w512s5_cad2_br64,3,0.9130666666666666,0.0028571547618799395,0.06251061054064015,13.625639977720049
g9a_w512s5_cad4_br64,3,0.8660666666666667,0.013948954560587465,0.1300392916337671,10.682642103566064
g9a_w512s5_br8,3,0.9054333333333333,0.002657693235370308,0.0655226100138435,16.741701005564796
g9a_w512s5_br4,3,0.8965333333333333,0.003607399802258295,0.07492066960140138,15.907673931121826
g9a_w512s5_pburst16_t64_br16,3,0.8824666666666667,0.010084807054839136,0.07215845983584614,9.508638762103185
g9a_w512s5_burst16_128_br16,3,0.8588333333333332,0.00372871738448131,0.12942277221261814,8.372384950849744
g9a_w512s5_br16_night,3,0.9088666666666666,0.0026764404221527745,0.04220355666322037,16.216261051760778
g9a_w512s5_br16_K200,3,0.8177666666666666,0.029217175314073984,0.203020932389307,13.953460530440013
g9a_w512s5_pburst16_t64_br16_K200,3,0.8439666666666668,0.01089235205698628,0.11710261612922067,7.209777579042647
static_loc16_refractory_br16_w512s5,3,0.9199,0.0026457513110645825,0.0,13.860916944344838
static_loc16_none_br16_w512s5,3,0.9478,0.0018999999999999829,0.0,11.564829528331757
static_loc16_silent_br16_w512s5,3,0.9502666666666667,0.0025423086620891037,0.0,5.190691129366557
g9a_w512s5_br2,3,0.8674,0.003843175770115134,0.11050099405466829,9.336548635694717
g9a_w512s5_br1,3,0.8291666666666666,0.03462518351335245,0.14558238196962736,11.017249108685387
g9a_w512s5_none_br16,3,0.8693666666666666,0.011539641819975733,0.13614446186167806,14.466000913249122
g9a_w512s5_none_br8,3,0.8393666666666667,0.011500144926623036,0.17588386642143441,8.321087192164528
g9a_w512s5_silent_br16,3,0.8776,0.02134291451512662,0.12421094742348877,9.218035099241469
ctx_nrem_rand_1000_nb16,3,0.8104333333333334,0.01645184893357992,0.17800662415347768,1.1983762423197428
ctx_nrem_rand_1000_nb64,3,0.8770333333333333,0.048628421045036396,0.09417036671503398,1.230540112654368
ctx_nrem_rand_1000_w512,3,0.8410666666666667,0.01283445882510572,0.16086855740157843,1.3766788085301718
g9a_w256s10_br16,3,0.9090333333333334,0.002100793500878488,0.06164154899705757,7.282924405733744
g9a_w256s10_br8,3,0.9044333333333333,0.0022007574453658547,0.062238786706822875,6.652842983934614
g10_rp05_w512s5,3,0.8884,0.0034394767043839404,0.11211579574974954,11.694193736712139
g10_rp1_w512s5,3,0.8622666666666667,0.00858739386154689,0.14730571507236942,13.154590876897176
g10_rp2_w512s5,3,0.8192666666666667,0.006143560314128417,0.20611214122188878,13.129029842217763
g10_rp4_w512s5,3,0.8067666666666667,0.010702491921666333,0.22013368089273752,11.444751947455936
g10_rf25_w512s5,3,0.9101,0.005828378848359123,0.06941790477965534,13.818834869066874
g10_rf50_w512s5,3,0.9101,0.005828378848359123,0.06941790477965534,11.70791127151913
static_g10_rp05_w512s5,3,0.9162,0.0031048349392519955,0.0,11.535151251157124
static_g10_rp1_w512s5,3,0.9218000000000001,0.004563989482897617,0.0,12.929809330569373
static_g10_rp2_w512s5,3,0.9317333333333333,0.0009451631252504959,0.0,13.124893817636702
static_g10_rp4_w512s5,3,0.9402,0.004293017586733147,0.0,11.48541444407569
static_g10_rf25_w512s5,3,0.9187333333333333,0.0025146238950055984,0.0,13.941751828458573
static_g10_rf50_w512s5,3,0.9201333333333332,0.0029687258770949997,0.0,11.39187168677648
g10_ach15_w512s5,3,0.9092333333333333,0.0038070110760718198,0.08932702530219609,12.381793284416199
g10_ach25_w512s5,3,0.9085333333333333,0.008622258018253238,0.09326632329180828,12.362076508998872
g10_ach40_w512s5,3,0.9028666666666667,0.0009451631252504792,0.10258233808282273,12.804191021124522
static_g10_ach15_w512s5,3,0.9199,0.0026457513110645825,0.0,11.68939023812612
static_g10_ach25_w512s5,3,0.9199,0.0026457513110645825,0.0,12.109285636742909
static_g10_ach40_w512s5,2,0.9455,0.00028284271247458785,0.0,12.197489813963573
cif_ach25_br16,2,0.26234999999999997,0.0037476659402887404,0.37231250000000005,9.542525213956832
g10_nov11_w512s5,3,0.9093333333333332,0.006439202849214606,0.08167932399735876,8.779914122157628
g10_nov13_w512s5,3,0.9020333333333334,0.007181457605064035,0.0928040269083605,11.011080884933472
g10_nov15_w512s5,3,0.9029333333333334,0.004441095960833711,0.09347546888265414,8.616229478518168
static_g10_nov11_w512s5,3,0.9378666666666667,0.005497575223071773,0.0,8.485862179597218
static_g10_nov13_w512s5,3,0.9435333333333333,0.0019857828011475447,0.0,8.547240379121568
static_g10_nov15_w512s5,3,0.9504333333333334,0.003992910383834513,0.0,8.105156687895457
cif_nov13_br16,3,0.19213333333333335,0.008280297901243244,0.6875,7.391682457923889
g10_k200_g1,3,0.8341333333333333,0.0019425069712444819,0.14045738608272854,11.950250910388098
g10_k200_g2,3,0.8091666666666667,0.01417368453625706,0.20885516572611718,12.111646567450629
g10_k200_n02,3,0.8261333333333334,0.008064944719794024,0.19314128643606024,11.158117185698615
g10_k200_g1_n02,3,0.8402,0.012473572062564884,0.15094679022605906,11.210280236932967
g10_k200_pb16_g1,3,0.6635,0.02788601800185887,0.354600356702873,6.73694865571128
g10_k200_pb16_n02,3,0.8431666666666667,0.00979608765443296,0.11216251654923899,6.435615070660909
g10_n02_w512s5,3,0.9036,0.001670329308849032,0.07269466314729707,14.108577354749043
cif_night,3,0.23786666666666667,0.012113766273679449,0.4655833333333333,1.2021341270870634
cif_refr_br16,3,0.2708333333333333,0.017052956732875792,0.3765833333333333,13.51394565767712
cif_none_br16,3,0.20933333333333334,0.018391936639009312,0.6663333333333333,13.005530819627975
cif_rp4_br16,3,0.1883,0.0036345563690772494,0.7019166666666666,14.843416990174187
cif_ctx_none,3,0.16026666666666667,0.0006658328118479389,0.7685,0.4441985249519348
cif_bp_none,3,0.16519999999999999,0.0009643650760992968,0.7832916666666666,0.22417634460661148
cif_bp_er_1000,3,0.25076666666666664,0.015387115822444878,0.6605833333333334,0.47332814402050444
cif_static_none,3,0.2279,0.012652667702899651,0.0,13.610988218254512
cif_static_refr,3,0.25299999999999995,0.00955981171362697,0.0,13.568088519573212
cif_static_rp4,3,0.2925666666666667,0.017926888556950807,0.0,14.85871858464347
g11_prog03_w512s5,3,0.9035000000000001,0.00515072810387038,0.09169720123329932,11.10703777604633
g11_prog05_w512s5,3,0.904,0.008842510955605285,0.0931337705931356,10.214423639244503
static_g11_prog03_w512s5,3,0.9276666666666666,0.005262445565830981,0.0,10.190200375186071
static_g11_prog05_w512s5,3,0.9427666666666666,0.0018475208614067752,0.0,9.456898126337263
cif_prog03_br16,3,0.2722,0.0066189122973491716,0.36933333333333335,11.839055195119645
cif_prog03_static,3,0.25299999999999995,0.00955981171362697,0.0,11.531350836488937
cfeat_night,3,0.3164,0.01680833126755897,0.46279166666666666,1.1521046055687798
cfeat_refr_br16,3,0.3679666666666666,0.004309679029038394,0.36941666666666667,12.232488233513301
cfeat_none_br16,3,0.30496666666666666,0.006457811806899711,0.6116250000000001,12.121994899378882
cfeat_prog03_br16,3,0.35776666666666673,0.0057116839314980666,0.40175,12.377401174439324
cfeat_bp_er_1000,3,0.4148,0.0040999999999999925,0.5069166666666667,0.3433271090189616
cfeat_bp_none,3,0.1774,9.999999999998899e-05,0.8479166666666668,0.1585604230562846
cfeat_ctx_none,3,0.16976666666666665,0.0010016652800877858,0.818,0.3825678083631727
cfeat_static_none,3,0.31676666666666664,0.03668955346325889,0.0,12.824134939246708
cfeat_static_refr,3,0.3559333333333334,0.012687132589097238,0.0,12.330359462896983
cfeat_static_prog03,3,0.3559333333333334,0.012687132589097238,0.0,12.410528920756445
g11_k200_none_g1_n02,3,0.7098333333333334,0.01656059580248655,0.3425598665877427,12.680075588491228
g11_k200_combo_n02,3,0.8478666666666667,0.00870938191454097,0.1529136932195201,12.36229040755166
g11_k200_night_n02,3,0.8177,0.03188244030810684,0.19123950501554646,1.0302023357815213
g11_k200_night,3,0.8397,0.03389262456641563,0.15442641335757792,1.0031312783559163
sp11_refr_loc,3,0.9087,0.0019519221295942926,0.06852405159248627,8.303990415732066
sp11_refr_ep,3,0.9057333333333334,0.004273562136360435,0.07384809961962432,7.692206263542175
sp11_pb_loc,3,0.8461666666666666,0.004735328218121028,0.13850400014808786,3.5352813707457647
sp11_pb_ep,3,0.8659333333333333,0.013369492635598931,0.10349785578558211,3.46162897878223
sp11_night,3,0.8719,0.03842551235832775,0.10812921743751282,0.6824263347519769
static_sp11_refr_loc,3,0.9175,0.0035594943461115286,0.0,6.643477622667948
g12_mirror_w512s5,3,0.7032666666666666,0.10110402234003021,0.2109080235220243,17.247248062822553
g12_sgd_refr_w512s5,6,0.9195333333333333,0.005976174919349931,0.05973975627846787,4.63253414299753
g12_soft_refr_w512s5,3,0.8835666666666667,0.006757465007925165,0.08745271826435004,6.239867028925153
static_g12_mirror_w512s5,3,0.9218333333333333,0.0045829393770083285,0.0,16.880333634217582
static_g12_sgd_refr_w512s5,6,0.9330833333333333,0.0018840559085830327,0.0,4.364203568299612
static_g12_soft_refr_w512s5,3,0.8595666666666667,0.01290012919831942,0.0,6.68342272705502
g12_sgd_cad2_br64_w512s5,3,0.9134000000000001,0.003195309061734061,0.0833496964300741,3.1524646401405336
g12_sgd_none_w512s5,3,0.8407,0.04067935594377076,0.15895060761631577,4.15283073981603
g12_sgd_prog05_w512s5,3,0.8908333333333333,0.0030924639582916567,0.12080994789424786,5.0746724261177905
g12_sgd_silent_w512s5,3,0.8904333333333333,0.004578573285788276,0.12214513630300768,5.095655571089851
g12_adam_leak_w512s5,3,0.9189666666666666,0.004007908847932258,0.02554522399328261,6.816474215189616
static_g12_sgd_prog05_w512s5,3,0.9504333333333334,0.005822656896411949,0.0,5.020653336577945
static_g12_sgd_silent_w512s5,3,0.9603333333333334,0.0008082903768655221,0.0,4.930207753181458
static_g12_adam_leak_w512s5,3,0.9279333333333333,0.00351615320106128,0.0,6.462086816628774
static_g12_sgd_none_w512s5,3,0.9570666666666666,0.0005033222956847347,0.0,4.777561189068688
g13_sgd_block512_w512s5,3,0.9167666666666667,0.003583759664560873,0.0809554952180167,4.936544148127238
g13_sgd_block2048_w512s5,6,0.9204499999999999,0.004462174357866384,0.0605871267840103,4.705530379878151
g13_sgd_block4096_w512s5,3,0.9201333333333334,0.0066108496680331395,0.0605485146268411,4.96285121705797
static_g13_sgd_block512_w512s5,3,0.9401999999999999,0.005010987926547029,0.0,4.84591109222836
static_g13_sgd_block2048_w512s5,6,0.9421166666666667,0.0036722835765592176,0.0,4.5325600180361
static_g13_sgd_block4096_w512s5,3,0.9335666666666667,0.0005686240703076896,0.0,4.875913956430224
g13_sgd_flip512_w512s5,3,0.9185666666666666,0.004272391992003212,0.06417784326192004,4.928658333089617
g13_sgd_flip1024_w512s5,3,0.9171666666666667,0.0020108041509141034,0.06907322014558098,4.93489324119356
g13_sgd_flip4096_w512s5,3,0.9095333333333334,0.010682852303263107,0.08367684598648055,4.9055497434404165
static_g13_sgd_flip512_w512s5,3,0.9420000000000001,0.004003748243833465,0.0,4.972481426927778
static_g13_sgd_flip1024_w512s5,3,0.9420000000000001,0.004003748243833465,0.0,4.963697653346591
static_g13_sgd_flip4096_w512s5,3,0.9395333333333333,0.007423161949825185,0.0,4.96143454445733
g14_sgd_refr_e005_w512s5,3,0.9076333333333334,0.003801753981168853,0.053970752602859356,5.208431549866995
g14_sgd_refr_e01_w512s5,3,0.9191333333333334,0.004423045707805152,0.05515342273268133,5.22660544845793
g14_sgd_refr_e05_w512s5,3,0.8982666666666667,0.00732825581795107,0.09907950900465634,5.010839822557238
g14_sgd_refr_e1_w512s5,3,0.8633666666666667,0.008055639846302321,0.13002338938012167,4.900061588817172
static_g14_sgd_refr_e005_w512s5,3,0.9057333333333334,0.0020305992547357877,0.0,5.057896428638034
static_g14_sgd_refr_e01_w512s5,3,0.9188666666666666,0.0020256686138984785,0.0,4.9955813301934135
static_g14_sgd_refr_e05_w512s5,3,0.9373333333333332,0.0036692415201691696,0.0,4.940690505504608
static_g14_sgd_refr_e1_w512s5,3,0.8917999999999999,0.007835177087979584,0.0,4.788213789463043
g14_adam_refr_e3e4_w512s5,3,0.8858,0.008746999485537883,0.07735256124465176,6.876183047559526
g14_adam_refr_e3e3_w512s5,3,0.8889333333333332,0.0034122328955294304,0.091964905461052,6.918495123916202
static_g14_adam_refr_e3e4_w512s5,3,0.8927,0.005575840743780312,0.0,6.890780888663398
static_g14_adam_refr_e3e3_w512s5,3,0.9354999999999999,0.0006244997998398777,0.0,6.809698923428853
g14_sgd_none_e005_w512s5,3,0.882,0.025124490044576068,0.1254079556817607,4.864525098270841
g14_sgd_none_e05_w512s5,3,0.8458333333333333,0.017897578979664625,0.1593297317331718,4.993855765130785
g14_sgd_block2048_e01_w512s5,3,0.9187666666666666,0.005307855813163492,0.055643263232359734,4.933481146229638
g14_sgd_block2048_e05_w512s5,3,0.8994333333333332,0.0053407240457950126,0.09530126907718149,4.977190966076321
static_g14_sgd_block2048_e01_w512s5,3,0.9264000000000001,0.006753517601961228,0.0,4.96419829527537
static_g14_sgd_block2048_e05_w512s5,3,0.9377333333333334,0.012202185596577896,0.0,4.918398903475867
cif_sgd_refr_e01,3,0.2722,0.014014635207525036,0.37308333333333327,4.843501540025075
cif_sgd_refr_e02,3,0.2689,0.022193918085818023,0.385375,4.838471227222018
cif_sgd_refr_e05,3,0.2222666666666667,0.017068782420938348,0.46370833333333333,4.83056622478697
cif_sgd_refr_e01_static,3,0.2310333333333333,0.02005002078136912,0.0,4.81141902340783
cif_sgd_refr_e02_static,3,0.25520000000000004,0.015636815532582064,0.0,4.788199048572116
cif_sgd_refr_e05_static,3,0.23976666666666668,0.017573370005019913,0.0,4.852998500400119
cfeat_sgd_refr_e01,6,0.4047,0.0109145774082188,0.31064583333333334,6.889991368187798
cfeat_sgd_refr_e02,3,0.3852,0.005291502622129186,0.35479166666666667,8.560449969768523
cfeat_sgd_refr_e05,3,0.3183,0.006650563885867125,0.4204583333333333,8.639016471968755
cfeat_sgd_refr_e01_static,6,0.3861333333333333,0.014549593350560231,0.0,6.933674337466558
cfeat_sgd_refr_e02_static,3,0.37823333333333337,0.01550526792201068,0.0,8.565191243754493
cfeat_sgd_refr_e05_static,3,0.32993333333333336,0.024646365519754288,0.0,9.108980830510458
g15_sgd_anchor_l1e3m1e4_w512s5,3,0.9144333333333333,0.005415102338214292,0.06601525254356004,6.232233070002662
g15_sgd_anchor_l1e3m3e4_w512s5,3,0.9222666666666667,0.0029263173671584173,0.05831419995581438,5.326746504836612
g15_sgd_anchor_l3e3m1e4_w512s5,3,0.8978333333333334,0.0043935558871298465,0.06877893889099622,5.36400928762224
g15_sgd_anchor_l3e3m3e4_w512s5,3,0.9117666666666667,0.0017039170558842418,0.06090130163941886,5.32589246167077
static_g15_sgd_anchor_l1e3m1e4_w512s5,3,0.9202,0.001835755975068602,0.0,5.369499965508779
static_g15_sgd_anchor_l1e3m3e4_w512s5,3,0.9264333333333333,0.0010408329997330585,0.0,5.351670800315009
static_g15_sgd_anchor_l3e3m1e4_w512s5,3,0.9032333333333332,0.0015502687938978284,0.0,5.281327847639719
static_g15_sgd_anchor_l3e3m3e4_w512s5,3,0.9089,0.0018357559750686156,0.0,5.085435573259989
g15_sgd_anchor_l3e4m1e4_w512s5,3,0.9229666666666666,0.0013868429375143198,0.062044869329488196,5.486393943097856
g15_sgd_anchor_l3e4m3e4_w512s5,3,0.9238333333333334,0.002013289182738875,0.059547373454014584,5.536144790384504
g15_sgd_anchor_l1e3m1e3_w512s5,3,0.9230333333333333,0.0035529330606322235,0.0630245347715353,5.505367789003584
static_g15_sgd_anchor_l3e4m1e4_w512s5,3,0.9312666666666667,0.002722743714221612,0.0,5.444736410511864
static_g15_sgd_anchor_l3e4m3e4_w512s5,3,0.9332666666666666,0.0022188585654190638,0.0,5.494007919894325
static_g15_sgd_anchor_l1e3m1e3_w512s5,3,0.9289333333333333,0.002025668613898514,0.0,5.492369333902995
g15_sgd_anchorblock_w512s5,3,0.9233333333333333,0.0026633312473917556,0.06320952152154106,5.043857916196187
static_g15_sgd_anchorblock_w512s5,3,0.9378333333333333,0.004850085909892036,0.0,4.7385955055554705
g15_sgd_util10_w512s5,3,0.9094666666666668,0.0014011899704655542,0.09024101604657674,5.2299846900833975
g15_sgd_util25_w512s5,3,0.8911333333333333,0.00373139830805199,0.121402284020459,5.818895908196767
static_g15_sgd_util10_w512s5,3,0.9418333333333333,0.001778576209593917,0.0,5.09934278594123
static_g15_sgd_util25_w512s5,3,0.9543666666666667,0.0018009256878986856,0.0,5.147905064953698
cfeat_bp_er_lr3e4,6,0.43229999999999996,0.009559288676465424,0.4847916666666667,0.32195662524965074
cfeat_bp_er_lr3e3,3,0.3972,0.006907242575731666,0.5010416666666667,0.35031107664108274
cfeat_sgd_refr_e005,3,0.38153333333333334,0.014242307865417482,0.3270416666666667,8.43767701652315
cfeat_sgd_refr_e005_static,3,0.37156666666666666,0.005810622456616259,0.0,8.822227191925048
cfeat_bp_er_w512_lr3e4,6,0.4454166666666666,0.010141285257139074,0.4722916666666667,0.5285714520348442
cfeat_bp_er_w512_lr1e3,3,0.4097,0.0025709920264364986,0.5199583333333334,0.5263657093048095
cfeat_bp_er_w512_d30_lr3e4,6,0.4298,0.007204443073548438,0.4859583333333333,0.488341803683175
cfeat_bp_er_w512_d30_lr1e3,6,0.4327666666666667,0.008668717706020127,0.4829375,0.5027341836028628
cfeat_bp_er_w512_d30k5_lr3e4,6,0.3588,0.007749322551036322,0.5275833333333333,0.590282529592514
cfeat_bp_er_w512_d30k5_lr1e3,6,0.39283333333333337,0.00995583580954743,0.5071666666666667,0.5973939524756537
cfeat_sgd_refr_s10,3,0.4146,0.011228089775202201,0.28250000000000003,8.60730216105779
cfeat_sgd_refr_s10_static,3,0.41756666666666664,0.010863854441832948,0.0,8.67879247135586
cfeat_sgd_refr_s15,3,0.42250000000000004,0.004529900661162454,0.25966666666666666,8.697622631655799
cfeat_sgd_refr_s15_static,3,0.44206666666666666,0.004654388610046811,0.0,8.939419060283237
cfeat_sgd_refr_s25,3,0.4273666666666667,0.00275922694487664,0.2687083333333333,9.083611030048793
cfeat_sgd_refr_s25_static,3,0.4559,0.005369357503463516,0.0,8.795318610138363
g16_sgd_refr_s10_w512,9,0.9231879498434924,0.005937865684111967,0.056667051937414864,6.247248456213209
g16_sgd_refr_s10_w512_static,9,0.944741110555463,0.004354131827025156,0.0,5.864064629431124
g16_sgd_refr_s15_w512,6,0.9245166666666668,0.002583344085999121,0.05509787974602822,6.118149520291222
g16_sgd_refr_s15_w512_static,6,0.9509500000000001,0.0034145277857999686,0.0,6.1251913203133475
g16_sgd_refr_s25_w512,3,0.9246666666666666,0.0010785793124908564,0.0551887035735568,5.567231688234541
g16_sgd_refr_s25_w512_static,6,0.9505833333333333,0.002248925669440117,0.0,4.1105697453022
cfeat_bp_er_w512_d30k15_lr3e4,3,0.3937,0.008920201791439488,0.508375,0.6887283855014378
cfeat_bp_er_w512_d30k15_lr1e3,3,0.4089,0.0038935844667863685,0.5024583333333333,0.6257538172933791
cfeat_bp_er_w512_d30k10_lr3e4,6,0.38430000000000003,0.006400937431345506,0.5095,0.586076060268614
cfeat_bp_er_w512_d30k10_lr1e3,6,0.4049666666666667,0.006677923829055439,0.502375,0.6430570774608189
cfeat_sgd_refr_a1505,3,0.42313333333333336,0.006117461347105766,0.2417083333333333,8.454753531350029
cfeat_sgd_refr_a1505_static,3,0.4013333333333333,0.019951023365565295,0.0,8.763858405749003
cfeat_sgd_refr_a2505,3,0.4265999999999999,0.00676387462923436,0.2585,8.521516308519574
cfeat_sgd_refr_a2505_static,3,0.4111666666666667,0.021073759354546414,0.0,8.579838388495975
g16_sgd_silent_s10_w512,9,0.885322964938601,0.008322313969390796,0.13110091442651614,5.670015936869162
g16_sgd_silent_s10_w512_static,6,0.9590666666666667,0.0019815818596935833,0.0,5.770666874779595
g16_sgd_silent_s15_w512,3,0.8865333333333334,0.005589573627150277,0.13098807591469622,5.85309323337343
g16_sgd_silent_s15_w512_static,3,0.9555666666666666,0.00045092497528235266,0.0,5.155815021197001
g16_ctx_none_s10_w512_static,3,0.9583,0.002443358344574099,0.0,0.4222113741768731
g16_ctx_none_s15_w512_static,3,0.9594,0.002306512518934141,0.0,0.40675264994303384
g16_sgd_block2048_s10_w512,9,0.9212028078753867,0.003774974564954535,0.05919643887095046,5.857296050036395
g16_sgd_block2048_s10_w512_static,6,0.949,0.0027842413688471943,0.0,5.74954646229744
g16_sgd_block2048_s15_w512,3,0.9242666666666667,0.0016072751268322038,0.05686525215923564,5.945198547840119
g16_sgd_block2048_s15_w512_static,3,0.9493333333333333,0.004303874223688901,0.0,5.246696644359164
cfeat_sgd_refr_s15_e02,3,0.40376666666666666,0.007526176541467384,0.297,8.923900768491958
cfeat_sgd_refr_s15_e02_static,3,0.4475,0.0045310043036836615,0.0,8.60576447116004
g17_sgd_prog05_s10,6,0.8972166666666667,0.01398490853265284,0.11447496091144756,6.0142460525035855
g17_sgd_anchor_s10,6,0.9272499999999999,0.003571414285685689,0.05435361721553252,5.5962686796983085
g17_sgd_none_s10,6,0.8535086736678336,0.030685027902471483,0.15348454134566505,6.373801168468264
g17_adam_refr_s10,6,0.9181833333333334,0.006236478707304814,0.05161764605569282,7.790982916620043
g17_adam_leak_s10,3,0.9259666666666666,0.003384277372399166,0.0385743354809775,7.879717184437646
g17_adam_none_s10,3,0.8967999999999999,0.010953081758117227,0.10824015797473761,7.723392800490061
g17_mirror_s10,3,0.7791,0.015762931199494602,0.1992188092980527,16.58022450208664
g17_soft_s10,3,0.9015666666666666,0.0041765216787816965,0.08316000514589894,8.236832571029662
static_g17_sgd_prog05_s10,6,0.9533999999999999,0.002051341024793347,0.0,5.912056393755806
static_g17_sgd_anchor_s10,6,0.94555,0.0027274530243433896,0.0,5.743399845229255
static_g17_sgd_none_s10,3,0.9611999999999999,0.001053565375285275,0.0,6.013763811853197
static_g17_adam_refr_s10,6,0.94565,0.0019336493994517108,0.0,7.1176726202170055
static_g17_adam_leak_s10,3,0.9430333333333333,0.002581343319539899,0.0,8.058955103821225
static_g17_adam_none_s10,3,0.9537999999999999,0.0025709920264364986,0.0,7.019411291016472
static_g17_mirror_s10,3,0.9224666666666668,0.001692138686199613,0.0,17.293526388539206
static_g17_soft_s10,3,0.8638666666666667,0.0025482019804822288,0.0,7.554829714033338
g17_night_s10,9,0.9086059435831897,0.027872951668206983,0.06571065019962008,0.6890320407019721
g17_ctx_none_s10,6,0.19479950269489357,0.0008571445739070254,0.995659302795771,0.46760973201857675
g17_sgd_cad2_br64_s10,3,0.9143333333333333,0.0033005050118630258,0.07647002413968931,4.658885794215732
g17_sgd_br16_night_s10,3,0.9274333333333334,0.004010403138505323,0.060322704560589864,5.902988078859118
g17_sgd_br4_s10,3,0.6341666666666667,0.46433688560498115,0.05515019759804508,4.349463629722595
g17_sgd_br8_s10,3,0.9176333333333333,0.002936551265231631,0.07240736612921987,4.42141437265608
g17_sgd_br64_s10,3,0.9219333333333334,0.005052062285179536,0.0593857424984258,5.712945024172465
g17_sgd_br256_s10,3,0.9232999999999999,0.0014730919862656667,0.059269970434035917,10.45276318391164
g17_sgd_cad8_br16_s10,3,0.8187666666666665,0.029028663994978027,0.18888079534153823,2.7176647424697875
g17_sgd_burst16_128_s10,3,0.8729666666666667,0.0019399312702601547,0.13025750385296353,2.6144676486651104
g17_sgd_pburst16_s10,3,0.8910333333333332,0.011157658057734778,0.030408813737625873,3.2076660090022617
g17_sgd_sburst16_s10,3,0.18953333333333333,0.0006110100926607947,0.9812434879609514,2.2438504060109454
g17_night_nb16_s10,3,0.8729666666666667,0.03191744559536891,0.10405652772445372,0.6081391374270121
cif_s10_sgd_refr,3,0.29463333333333336,0.008470143643016532,0.32575,5.618183749251895
cif_s10_sgd_none,3,0.16979999999999998,0.06101467036705188,0.47458333333333336,5.580183092753092
cif_s10_night,3,0.26183333333333336,0.005662449411105861,0.4572916666666667,0.7171684026718139
cif_s10_ctx_none,3,0.16426666666666667,0.0015631165450257815,0.7842083333333333,0.5001991722318861
cif_s10_sgd_refr_static,3,0.27553333333333335,0.004338586559391641,0.0,5.349774912993113
cif_s10_sgd_none_static,3,0.2954666666666667,0.02772622104314496,0.0,5.430210174454583
cfeat_s10_night,3,0.35013333333333335,0.004933896364267636,0.4252916666666667,0.9917045089933608
cfeat_s10_sgd_none,3,0.2012333333333333,0.0733854436065718,0.514625,8.302434129185148
cfeat_s10_ctx_none,3,0.17300000000000001,0.0002645751311064574,0.8286666666666666,0.7887116697099473
c100_sgd_refr,3,0.014499999999999999,0.005164300533470142,0.11637037037037039,6.095283673869239
c100_sgd_none,3,0.0119,0.0018357559750685822,0.13585185185185186,5.86322134203381
c100_night,3,0.02613333333333333,0.0008020806277010652,0.14033333333333334,1.0967492712868583
c100_sgd_refr_k5000,3,0.012133333333333335,0.0026006409466386034,0.1250740740740741,5.780354592535231
c100_sgd_none_k5000,3,0.010366666666666666,0.0005507570547286096,0.11455555555555556,5.432022413942549
c100_night_k5000,3,0.030866666666666667,0.0016165807537309518,0.17633333333333331,1.0076936801274619
c100f_sgd_refr,3,0.012133333333333335,0.002608320021265284,0.15581481481481482,6.104217616717021
c100f_sgd_none,3,0.012733333333333333,0.000808290376865475,0.15437037037037035,5.855258144272698
c100f_night,3,0.0434,0.0028000000000000026,0.11307407407407409,1.0988203326861063
c100f_sgd_refr_k5000,3,0.014233333333333334,0.0028183919765237286,0.14196296296296299,5.853123988045586
c100f_sgd_none_k5000,3,0.012833333333333334,0.004994330118577799,0.12574074074074076,5.398982908990648
c100f_night_k5000,3,0.04823333333333333,0.0025106440076867378,0.1417037037037037,1.006692029370202
c100_ctx_none,3,0.023266666666666668,0.0024378952670968727,0.22348148148148148,0.4947720713085599
c100f_ctx_none,3,0.03136666666666666,0.0013796134724383233,0.2938888888888889,0.47817671563890246
c100_sgd_refr_static,3,0.011466666666666667,0.0010016652800877816,0.0,5.4125366661283705
c100f_sgd_refr_static,3,0.0117,0.0017000000000000001,0.0,5.404457630051507
c100_bp_er_1000,3,0.06196666666666667,0.003677408507812716,0.2654444444444444,0.26443227264616226
c100_bp_er_5000,3,0.06566666666666666,0.0027428695436227594,0.30503703703703705,0.2724411792225308
c100f_bp_er_1000,3,0.09926666666666667,0.005065899064661006,0.39711111111111114,0.3021264632542928
c100f_bp_er_5000,3,0.09193333333333333,0.003189566323708185,0.44362962962962965,0.2781971997684903
g19_kad_mnist,6,0.9222666666666667,0.0038686776379877946,0.0756517905791369,6.9001850366592405
g19_kad_mnist_static,6,0.9522166666666667,0.0030524853262000728,0.0,6.764869146214592
g19_kad_cifar,6,0.2814666666666667,0.00867056322661145,0.3907708333333333,6.394161600536771
g19_kad_cifar_static,6,0.3118,0.00811024044033222,0.0,6.152464059988658
g19_kad_cifarf,6,0.40545000000000003,0.006273356358441614,0.32983333333333337,10.382629324992498
g19_kad_cifarf_static,6,0.43789999999999996,0.001906829829848516,0.0,8.82969971034262
g19_kad_c100,3,0.011433333333333332,0.0021079215671683167,0.1242962962962963,5.825455056296454
g19_kad_c100_static,3,0.009433333333333334,0.0006027713773341706,0.0,5.7504946324560375
g19_kad_c100f,3,0.017033333333333334,0.0012055427546683406,0.16785185185185184,6.579583251476288
g19_kad_c100f_static,3,0.012633333333333335,0.002294195574342635,0.0,6.109559237957001
g19b_mnist,6,0.9106642718230816,0.008166323639815119,0.09056441482384425,6.400011667940351
g19b_mnist_static,6,0.9571127910207257,0.0040896367819622595,0.0,6.359804326958127
g19b_cifar,3,0.2651333333333334,0.013086379687802664,0.43612500000000004,6.270050754812029
g19b_cifar_static,3,0.2986666666666667,0.002821937868439563,0.0,6.208950294388665
g19b_cifarf,3,0.38893333333333335,0.020215175817522163,0.335,8.737362921237946
g19b_cifarf_static,3,0.4295333333333333,0.011718503886304504,0.0,8.551122360759312
g19b_c100,3,0.03366666666666667,0.005862024678669761,0.1734814814814815,6.467313868469662
g19b_c100_static,3,0.03716666666666667,0.0025106440076867417,0.0,5.993597896893819
g19b_c100f,3,0.056600000000000004,0.007835177087979575,0.23666666666666666,6.843572703997294
g19b_c100f_static,3,0.0599,0.0074538580614336904,0.0,6.652524532212151
g19_kadx_night,3,0.6016666666666667,0.027930329989696398,0.39152652595547227,0.8212030013402303
g19_kadx_anchor,3,0.9190333333333333,0.003817503547258806,0.08233065952159449,7.426923639244504
g19_kadx_anchor_static,3,0.9586333333333333,0.0026312227829154208,0.0,7.28489548365275
g19_kadx_bout,3,0.9181,0.0017349351572897658,0.07787635284026888,6.074312378300561
g19_kadx_bout_static,3,0.9597000000000001,0.0025865034312754997,0.0,5.923391309049395
g19_kad_c100f_puretgt,6,0.051333333333333335,0.007525334987006669,0.21283333333333335,4.647882788711124
g19_kad_c100_puretgt_static,6,0.04335,0.00248817201977677,0.0,4.832231648763021
g19_kad_c100_puretgt,6,0.0372,0.004214261501141096,0.15862962962962965,5.787132704257965
g20_d3_kad,3,0.9065,0.00986052736926377,0.07385982175387863,6.6162646849950155
g20_d3_kad_static,3,0.9555333333333333,0.000850490054811549,0.0,6.418201898203956
g20_d3_fix,3,0.9137666666666666,0.0037581023580170896,0.05553845849159242,6.555455887317658
g20_d3_fix_static,3,0.9359333333333333,0.0043844421918110745,0.0,6.401507981618246
g20_d4_kad,3,0.8996,0.006331666447310713,0.07936340954693609,7.7486254268222385
g20_d4_kad_static,3,0.9531666666666667,0.0022052966542697107,0.0,7.712293807665507
g20_d4_fix,3,0.8929666666666667,0.02543075565792986,0.014718150743442335,7.699866648515066
g20_d4_fix_static,3,0.0966,0.007034202158027591,0.0,7.567230035199059
g20_d5_kad,3,0.8756333333333334,0.016645219533948225,0.04873870226321316,9.824589245849186
g20_d5_kad_static,3,0.9184666666666667,0.00787485449601028,0.0,9.741099676820967
g20_d5_fix,3,0.555,0.3932660295525155,0.1678704903419623,9.479781848854488
g20_d5_fix_static,3,0.10070000000000001,0.0026057628441590783,0.0,9.380853123135036
g20_d3_bp_er,3,0.8894333333333333,0.0033306655991457877,0.13382417352785322,0.3636049336857266
g20_d4_bp_er,3,0.8875000000000001,0.003124099870362666,0.13486993720044305,0.456926961739858
g20_d5_bp_er,3,0.8809999999999999,0.006458327956986996,0.14240429619518302,0.46190044615003795
g20b_d4_skip,3,0.9167000000000001,0.004014971979976889,0.06413697943276363,8.748574712541368
g20b_d4_skip_static,3,0.9630666666666666,0.0022898325994127294,0.0,8.563515321413677
g20b_d5_skip,6,0.9120590959604379,0.004250180149624031,0.07206608349661146,12.03592295911577
g20b_d5_skip_static,6,0.9610855920431183,0.0023223436749872386,0.0,10.944367820686763
g20b_d5_fixskip,3,0.9134000000000001,0.008316249154516713,0.0395332287917221,9.884877614180247
g20b_d5_fixskip_static,3,0.9363999999999999,0.0014999999999999736,0.0,9.904687756962245
g20c_c100_d4_skip,3,0.023533333333333333,0.0032254198693090065,0.1305185185185185,9.77756168180042
g20c_c100_d4_skip_static,3,0.02136666666666667,0.0038475100173142283,0.0,8.90167942179574
g20c_c100_d4,3,0.0141,0.0015524174696260017,0.09892592592592593,8.116475644376543
g20c_c100_d4_static,3,0.013,0.00010000000000000005,0.0,8.022393031915028
g20c_c100f_d4_skip,3,0.03763333333333333,0.002230097157823699,0.17381481481481478,9.823704214890798
g20c_c100f_d4_skip_static,3,0.029966666666666666,0.002967041174863154,0.0,8.93998593621784
g20c_c100f_d4,3,0.0192,0.003897435053981017,0.11833333333333335,8.137450038062202
g20c_c100f_d4_static,3,0.015933333333333334,0.003385754470326125,0.0,8.03096521033181
g22_sgd0_e02,1,0.098,,0.0,6.014253000418345
g22_sgd0_e05_static,1,0.098,,0.0,6.0881866375605265
g22_sgd0_e2,1,0.1135,,0.0,5.930259823799133
g22_sgd0_e4,1,0.098,,0.0,5.951213606198629
g22b_sgd0_e1_g01,3,0.3717,0.039969863647503226,0.31867807793174935,6.329338724083371
g22b_sgd0_e1_g01_static,3,0.1684,0.015616657773031974,0.0,6.192327589458889
g22b_sgd0_e1_g03,3,0.8232666666666667,0.013160673741618778,-0.014899380725020775,6.419268321990967
g22b_sgd0_e1_g03_static,3,0.8132,0.04626953641436224,0.0,6.191619741916656
g22b_sgd0_e1_g1,3,0.10316666666666667,0.0089489291724392,-0.04472025216706068,6.05198680029975
g22b_sgd0_e1_g1_static,3,0.9071000000000001,0.002621068484416235,0.0,6.513069587283664
g22b_sgd0_e2_g01,3,0.8365666666666667,0.03741782106608199,0.11127576831242074,6.232589443524678
g22b_sgd0_e2_g01_static,3,0.7526999999999999,0.018050207755037025,0.0,6.191202896171146
g22b_sgd0_e2_g03,3,0.8986999999999999,0.0034641016151376776,0.045120569239939186,6.459945299890307
g22b_sgd0_e2_g03_static,3,0.9014000000000001,0.001819340539865985,0.0,6.260076524151696
g22b_sgd0_e2_g03_kad,3,0.9171999999999999,0.0024020824298928915,0.03553315022803174,6.281969585683611
g22b_sgd0_e2_g03_kad_static,3,0.9139666666666667,0.0002516611478423471,0.0,6.531890549924639
g21_diag_free,1,0.9197,,0.05462743749238072,12.88946554660797
g21_diag_isolated,1,0.92,,0.06561389075823179,12.210797047615051
g21_diag_adam5,1,0.9078,,0.07601959118365187,17.25902847846349
g20c_c100f_wide,3,0.06666666666666667,0.00291604755333883,0.2053703703703704,15.140240318245358
g20c_c100f_wide_static,3,0.07533333333333332,0.00196044212700435,0.0,11.826416427559321
g20c_c100f_k5000,3,0.0557,0.010592922165295091,0.2752962962962963,10.167803398768108
g20c_c100f_k5000_static,3,0.06430000000000001,0.004095119045888656,0.0,9.980624993642172
g20c_c100f_wide_k5000,3,0.0545,0.005586591089385371,0.2348148148148148,18.76481424967448
g20c_c100f_wide_k5000_static,3,0.0717,0.012468760964907462,0.0,18.331566891405316
static_bp_none,3,0.9747666666666667,0.00040414518843269356,0.0,0.12917751868565877
static_ctx_none,3,0.9448,0.0017691806012953555,0.0,0.3077259461085002
static_ctx_nrem_surp_1000,3,0.9476333333333334,0.003189566323708181,0.0,0.3662793662812975
