config,seed,epochs,test_acc,test_macro_auc,final_loss,fit_s,dense_macs,synops,active,kp_cos,conn_density,noise_acc,spike
base3,0,30,0.9638,0.9963825934532611,0.050634571075439457,249.53358364105225,52544,46924.373498916626,"[0.4579906165599823, 0.30749061703681946]","[0.9999997615814209, 0.9999998211860657]",,,
base3,1,30,0.9621,0.9950703541519987,0.048842938391367594,250.2292618751526,52544,46950.51991081238,"[0.4724234342575073, 0.29682812094688416]","[0.9999998807907104, 0.9999998211860657]",,,
base3,2,30,0.9624,0.995911351714132,0.05032769714991252,250.13199043273926,52544,46975.25591850281,"[0.4783843755722046, 0.33597812056541443]","[0.9999996423721313, 0.9999997615814209]",,,
base3_w_e3,0,30,0.9712,0.9980184192783316,0.03462300987641017,640.5829329490662,234752,199313.2672958374,"[0.46598124504089355, 0.3843335807323456]","[1.0000004768371582, 0.9999997615814209]",,,
base3_w_e3,1,30,0.9711,0.9978332293730116,0.036090262830257416,641.5420968532562,234752,199486.94623565674,"[0.47165000438690186, 0.3749000132083893]","[1.0000009536743164, 0.9999998807907104]",,,
base3_w_e3,2,30,0.9718,0.9981595803003944,0.03468549239635468,639.8111488819122,234752,199779.3154144287,"[0.4802277386188507, 0.3837234377861023]","[1.000001072883606, 0.9999998211860657]",,,
base3_w,0,30,0.9687,0.9964193275995695,0.05053305185635885,870.4685111045837,234752,197814.70574188232,"[0.4215242266654968, 0.35168203711509705]","[1.0000019073486328, 0.9999997019767761]",,,
base3_w,1,30,0.9685,0.996718589544581,0.05302568147182465,844.7351648807526,234752,199044.08264923096,"[0.45946913957595825, 0.34074297547340393]","[1.0000020265579224, 0.9999998211860657]",,,
base3_w,2,30,0.9654,0.996939414416404,0.051493376155694326,831.1513454914093,234752,198586.76652526855,"[0.4452226459980011, 0.3481749892234802]","[1.000002384185791, 0.9999995827674866]",,,
bd_transport,0,30,0.9646,0.9967998700477771,0.01469031452735265,245.47464990615845,52544,46868.51830101013,"[0.4106453061103821, 0.4359531104564667]",,,,
bd_transport,1,30,0.9654,0.996895783990678,0.015945691573619844,245.51672172546387,52544,46800.73874282837,"[0.37860938906669617, 0.4291718602180481]",,,,
bd_transport,2,30,0.9642,0.9970864520922109,0.015761793925364812,245.08224940299988,52544,46855.13194274902,"[0.39822813868522644, 0.473590612411499]",,,,
c4_d10_dist_regrow,0,30,0.9549,0.992395961917875,0.037724871881802874,1093.3191831111908,234752,18817.65876493638,"[0.1015625, 0.1015625]","[0.9975641965866089, 1.0]","[0.09999800473451614, 0.100006103515625]",,
c4_d10_dist_regrow,1,30,0.9508,0.9930660310310803,0.03956147379875183,1074.7406659126282,234752,18817.65876493638,"[0.1015625, 0.1015625]","[0.9977687001228333, 0.9999999403953552]","[0.09999800473451614, 0.100006103515625]",,
c4_d10_dist_regrow,2,30,0.9545,0.993893474083525,0.0360733474055926,1067.7291948795319,234752,18817.65876493638,"[0.1015625, 0.1015625]","[0.998042643070221, 1.0]","[0.09999800473451614, 0.100006103515625]",,
c4_d10_dist,0,30,0.9436,0.9908515739253417,0.04358792595863342,1102.1180181503296,234752,18817.65876493638,"[0.1015625, 0.1015625]","[1.0, 1.0]","[0.09999800473451614, 0.100006103515625]",,
c4_d10_dist,1,30,0.9405,0.9918357901584333,0.04588870694637299,1067.4907915592194,234752,18817.65876493638,"[0.1015625, 0.1015625]","[0.9999998807907104, 1.0]","[0.09999800473451614, 0.100006103515625]",,
c4_d10_dist,2,30,0.9422,0.9905547741652297,0.04375724314848582,1071.5342297554016,234752,18817.65876493638,"[0.1015625, 0.1015625]","[0.9999998211860657, 1.0]","[0.09999800473451614, 0.100006103515625]",,
c4_d10_rand,0,30,0.9278,0.9862522927632881,0.04910246152083079,1058.3126418590546,234752,18817.65876493638,"[0.1015625, 0.1015625]","[0.9999999403953552, 1.0]","[0.09999800473451614, 0.100006103515625]",,
c4_d10_rand,1,30,0.9257,0.9879908633235612,0.048992697485287985,1043.408364534378,234752,18817.65876493638,"[0.1015625, 0.1015625]","[1.0, 1.0]","[0.09999800473451614, 0.100006103515625]",,
c4_d10_rand,2,30,0.9223,0.98587518380464,0.0521671214501063,1058.3383934497833,234752,18817.65876493638,"[0.1015625, 0.1015625]","[0.9999998807907104, 1.0]","[0.09999800473451614, 0.100006103515625]",,
c4_d30_dist,0,30,0.9654,0.996064012427156,0.031930829040209455,1087.2843000888824,234752,56193.78963618353,"[0.1015625, 0.1015625]","[0.9999998211860657, 0.9999998807907104]","[0.2999989986419678, 0.29998779296875]",,
c4_d30_dist,1,30,0.9648,0.9960075751784082,0.03182566129763921,1085.885098695755,234752,56193.78963618353,"[0.1015625, 0.1015625]","[0.9999999403953552, 1.0]","[0.2999989986419678, 0.29998779296875]",,
c4_d30_dist,2,30,0.963,0.9949316863922757,0.03172277725537618,1029.8014149665833,234752,56193.78963618353,"[0.1015625, 0.1015625]","[1.0, 0.9999999403953552]","[0.2999989986419678, 0.29998779296875]",,
c4_d30_rand,0,30,0.9538,0.9941934083349588,0.03501939800580343,1078.0217070579529,234752,56193.78963618353,"[0.1015625, 0.1015625]","[1.0000001192092896, 0.9999999403953552]","[0.2999989986419678, 0.29998779296875]",,
c4_d30_rand,1,30,0.9537,0.9940223141479778,0.036843156778812405,1034.610601425171,234752,56193.78963618353,"[0.1015625, 0.1015625]","[1.000000238418579, 1.0]","[0.2999989986419678, 0.29998779296875]",,
c4_d30_rand,2,30,0.9533,0.9931416715271881,0.03591758730808894,1090.8682322502136,234752,56193.78963618353,"[0.1015625, 0.1015625]","[1.0000001192092896, 1.0]","[0.2999989986419678, 0.29998779296875]",,
control,0,30,0.9701,0.9980977934349446,0.011967296705643336,221.48462677001953,52544,46829.037549972534,"[0.4293578267097473, 0.1928156316280365]",,,,
control,1,30,0.9707,0.9978029631937575,0.012323120468854904,220.0556275844574,52544,46808.42850780487,"[0.4181624948978424, 0.20006249845027924]",,,,
control,2,30,0.9686,0.9982461823530817,0.012086190708478292,220.99986004829407,52544,46820.13532066345,"[0.42755937576293945, 0.17650625109672546]",,,,
control_w_e3,0,30,0.9779,0.9993905296664851,0.006557259898384412,600.2633199691772,234752,199510.95986938477,"[0.4763832092285156, 0.27249062061309814]",,,,
control_w_e3,1,30,0.9781,0.9992259741771907,0.006439560973644257,599.663360118866,234752,199440.69478607178,"[0.47382110357284546, 0.2831859290599823]",,,,
control_w_e3,2,30,0.9791,0.9992893022801184,0.00669037428398927,597.836254119873,234752,199619.07244491577,"[0.48075157403945923, 0.24512343108654022]",,,,
control_w,0,30,0.9714,0.9985161746303384,0.01126087461511294,749.2506802082062,234752,188422.47171401978,"[0.14248867332935333, 0.1573093682527542]",,,,
control_w,1,30,0.9721,0.9983026258531803,0.011827929418285688,786.2321813106537,234752,188718.06620788574,"[0.15067695081233978, 0.17862266302108765]",,,,
control_w,2,30,0.9714,0.9986121044835411,0.011605549363295237,796.6977016925812,234752,188608.06299972534,"[0.14753516018390656, 0.17311249673366547]",,,,
guard02_w_e3,0,30,0.9304,0.9826045298776481,0.06437522463003795,1119.2082958221436,234752,184222.046875,"[0.01953125, 0.0234375]","[1.000000238418579, 0.9999999403953552]",,,
guard02_w_e3,1,30,0.9304,0.9793570272358731,0.07062355739275615,1096.9231231212616,234752,184222.046875,"[0.01953125, 0.0234375]","[1.0000014305114746, 0.9999998211860657]",,,
guard02_w_e3,2,30,0.9341,0.9796879711327874,0.07318778599103291,1123.788195848465,234752,184222.046875,"[0.01953125, 0.0234375]","[0.9999992847442627, 0.9999998211860657]",,,
guard02_w,0,30,0.9062,0.9738120053177651,0.12525986711184184,1448.7468359470367,234752,184222.046875,"[0.01953125, 0.0234375]","[0.9999994039535522, 0.9999997615814209]",,,
guard02_w,1,30,0.9184,0.9778102550014769,0.10098615075747172,1222.8291375637054,234752,184222.046875,"[0.01953125, 0.0234375]","[1.0000004768371582, 0.9999998211860657]",,,
guard02_w,2,30,0.9053,0.971996941308465,0.10552127094268798,1265.5747480392456,234752,184222.046875,"[0.01953125, 0.0234375]","[1.0000004768371582, 0.9999998807907104]",,,
guard05_w_e3,0,30,0.9606,0.9878118367185049,0.039487576333681745,1167.1218903064728,234752,185276.046875,"[0.05078125, 0.046875]","[1.0000003576278687, 0.9999997615814209]",,,
guard05_w_e3,1,30,0.9622,0.989641455956215,0.038699016467730205,1163.9393455982208,234752,185276.046875,"[0.05078125, 0.046875]","[1.000002145767212, 0.9999998807907104]",,,
guard05_w_e3,2,30,0.9596,0.9882979243549606,0.0413452552040418,1145.7950975894928,234752,185276.04787635803,"[0.05078125, 0.04687578231096268]","[1.0000011920928955, 0.9999998807907104]",,,
guard05_w,0,30,0.9327,0.9848631157150345,0.12814825366338095,1382.3518817424774,234752,185276.046875,"[0.05078125, 0.046875]","[1.0000009536743164, 0.9999992251396179]",,,
guard05_w,1,30,0.6748,0.7965970618738536,0.3791074551900228,1349.7555572986603,234752,185226.72587442398,"[0.05078125, 0.008342968299984932]","[0.9999949932098389, 0.9999998211860657]",,,
guard05_w,2,30,0.9322,0.9856418154099703,0.12913192563056947,1255.4060277938843,234752,185276.046875,"[0.05078125, 0.046875]","[1.0000014305114746, 0.9999994039535522]",,,
guard25,0,30,0.9564,0.9940995633829509,0.06360710165500641,662.0416054725647,52544,46461.269718170166,"[0.24907812476158142, 0.1973312497138977]","[1.0, 0.9999997615814209]",,,
guard25,1,30,0.9568,0.9944256791166645,0.059095388539632164,620.049200296402,52544,46456.53653240204,"[0.24941250681877136, 0.18039999902248383]","[0.9999998807907104, 0.9999999403953552]",,,
guard25,2,30,0.9589,0.9942813090187886,0.05795303457578023,628.7501628398895,52544,46459.69672489166,"[0.24912500381469727, 0.19211561977863312]","[0.9999995827674866, 0.9999998807907104]",,,
kwta02_w_e3,0,30,0.9432,0.9821685015144093,0.06561962235768636,1132.3157076835632,234752,184222.046875,"[0.01953125, 0.0234375]","[0.9999983310699463, 0.9999997615814209]",,,
kwta02_w_e3,1,30,0.9427,0.9796089577728679,0.06443243176142374,1129.948532819748,234752,184222.046875,"[0.01953125, 0.0234375]","[0.9999992251396179, 0.9999997615814209]",,,
kwta02_w_e3,2,30,0.9394,0.9815182475612954,0.06448633777300516,1128.9378817081451,234752,184222.046875,"[0.01953125, 0.0234375]","[0.9999987483024597, 0.9999998807907104]",,,
kwta05_w_e3,0,30,0.9591,0.9892810863341316,0.038315195671717324,1198.990793466568,234752,185276.046875,"[0.05078125, 0.046875]","[1.0000004768371582, 0.9999998211860657]",,,
kwta05_w_e3,1,30,0.9588,0.9888392522603482,0.037928030490875245,1186.6165251731873,234752,185276.046875,"[0.05078125, 0.046875]","[1.0000011920928955, 0.9999998211860657]",,,
kwta05_w_e3,2,30,0.9599,0.9887062702247524,0.038127436669667565,1179.4065330028534,234752,185276.046875,"[0.05078125, 0.046875]","[1.0000014305114746, 0.9999998211860657]",,,
kwta10_w_e3,0,30,0.9715,0.9977195842049662,0.023611804294586182,1244.8685927391052,234752,187000.3078765869,"[0.1015625, 0.09395390748977661]","[1.0, 0.9999997615814209]",,,
kwta10_w_e3,1,30,0.9702,0.9970155386460483,0.02474156182607015,1274.392870426178,234752,187007.3658771515,"[0.1015625, 0.09946797043085098]","[1.0000009536743164, 1.0]",,,
kwta10_w_e3,2,30,0.9682,0.9934134957022073,0.02738721246321996,1278.553322315216,234752,187010.046875,"[0.1015625, 0.1015625]","[1.0000003576278687, 1.0]",,,
kwta10_w,0,30,0.5688,0.7472515193787796,0.4719348078409831,1379.5522527694702,234752,186887.79187512398,"[0.1015625, 0.006050781346857548]","[0.9999982118606567, 0.9999996423721313]",,,
kwta10_w,1,30,0.212,0.5859736117086356,0.8258620079040527,1391.6931357383728,234752,186888.92087471485,"[0.1015625, 0.00693281227722764]","[1.000001311302185, 0.9999988079071045]",,,
kwta10_w,2,30,0.4723,0.6841778980767466,0.609130583635966,1398.0607237815857,234752,186885.98887515068,"[0.1015625, 0.004642187617719173]","[1.000001072883606, 0.9999997615814209]",,,
kwta25_w_e3,0,30,0.9727,0.9984032810819331,0.02346595485607783,1317.9886775016785,234752,191985.36981582642,"[0.24992187321186066, 0.1905335932970047]","[1.0000003576278687, 0.9999997615814209]",,,
kwta25_w_e3,1,30,0.9729,0.9984056026280184,0.02351735766728719,1325.2358512878418,234752,191991.95064544678,"[0.24993163347244263, 0.19542500376701355]","[1.0000008344650269, 1.0]",,,
kwta25_w_e3,2,30,0.9742,0.9979481686459689,0.023353632493813833,1307.1531155109406,234752,191953.94660568237,"[0.24997109174728394, 0.1647242158651352]","[1.000000238418579, 1.0]",,,
kwta25_w,0,30,0.8393,0.8934354225379522,0.22995983778635662,1449.921686410904,234752,191756.80187559128,"[0.25, 0.009964844211935997]","[1.0000015497207642, 0.9999997615814209]",,,
kwta25_w,1,30,0.8793,0.9063025222441201,0.24776330048243206,1440.4060018062592,234752,191755.27587509155,"[0.25, 0.008772656321525574]","[1.000000238418579, 0.9999998211860657]",,,
kwta25_w,2,30,0.8262,0.8902699898420275,0.24395958607991536,1431.5537583827972,234752,191757.81487441063,"[0.25, 0.010756249539554119]","[1.0000007152557373, 0.9999997019767761]",,,
kwta_only,0,30,0.9552,0.9939203380411857,0.06114912389119466,508.4694151878357,52544,46469.69872379303,"[0.24975000321865082, 0.21937187016010284]","[0.9999997615814209, 0.9999997615814209]",,,
kwta_only,1,30,0.9564,0.9943694983207625,0.056378458563486736,470.8430495262146,52544,46460.04972362518,"[0.2499687522649765, 0.1878187507390976]","[0.9999998807907104, 0.9999998211860657]",,,
kwta_only,2,30,0.957,0.9942041841208166,0.0552882772286733,472.4439027309418,52544,46463.48092365265,"[0.2498375028371811, 0.1993812471628189]","[0.9999998807907104, 0.9999999403953552]",,,
mlp_bp,0,30,0.9741,0.9987075562048535,0.041110552861293156,35.78430652618408,52544,,,,,,
mlp_bp,1,30,0.9769,0.9981417770476588,0.03789575194319089,35.748042583465576,52544,,,,,,
mlp_bp,2,30,0.975,0.9984882381461985,0.040176223103205365,35.7030975818634,52544,,,,,,
mlp_bp_w5,0,30,0.9744,0.9986153145269571,0.03496538747151693,48.353861808776855,234752,,,,,"{0.5: 0.9693, 1.0: 0.9373}",
mlp_bp_w5,1,30,0.9782,0.9986421688167958,0.03669791414936384,48.981802225112915,234752,,,,,"{0.5: 0.9722, 1.0: 0.9376}",
mlp_bp_w5,2,30,0.9779,0.9993953361756247,0.034621020515759784,49.21301507949829,234752,,,,,"{0.5: 0.9728, 1.0: 0.9414}",
mlp_bp_w,0,30,0.9766,0.9987987994445238,0.036332777578632035,65.26450300216675,234752,,,,,,
mlp_bp_w,1,30,0.9769,0.9984911950026506,0.03528977197011312,65.59459972381592,234752,,,,,,
mlp_bp_w,2,30,0.9777,0.999110746926885,0.038596975437800086,65.42466163635254,234752,,,,,,
pc_tanh,0,30,0.9515,0.9958338126752956,0.00880347237487634,223.43187594413757,52544,48256.01171875,"[1.0, 1.0]",,,,
pc_tanh,1,30,0.9534,0.9955862570800657,0.00900017021993796,222.81892800331116,52544,48256.01171875,"[1.0, 1.0]",,,,
pc_tanh,2,30,0.9474,0.9956577282349086,0.008859278600414595,222.98995232582092,52544,48256.01171875,"[1.0, 1.0]",,,,
r4_T10,0,30,0.9706,0.9977360349631814,0.023411401224136354,552.4872705936432,234752,187001.83687400818,"[0.1015625, 0.09514843672513962]","[1.000000238418579, 0.9999998807907104]","[None, None]",,
r4_T10,1,30,0.9726,0.9979246819612708,0.023604311207930245,552.2675204277039,234752,187002.83187103271,"[0.1015625, 0.09592577815055847]","[1.0000009536743164, 1.0]","[None, None]",,
r4_T10,2,30,0.9718,0.9975739048105308,0.023671456360816957,549.8961825370789,234752,187004.75087356567,"[0.1015625, 0.09742499887943268]","[1.0000004768371582, 0.9999999403953552]","[None, None]",,
r4_T1,0,30,0.1504,0.7247093086644669,0.6981623376210531,152.57725071907043,234752,187010.05387496948,"[0.1015625, 0.10156796872615814]","[0.9995924234390259, 0.9999998807907104]","[None, None]",,
r4_T1,1,30,0.1314,0.7716185529736295,0.7094292301177979,155.5182020664215,234752,187010.04887771606,"[0.1015625, 0.10156406462192535]","[0.9995328187942505, 0.9999998807907104]","[None, None]",,
r4_T1,2,30,0.2567,0.7524125657616263,0.7552319903055826,153.0854799747467,234752,187010.05287361145,"[0.1015625, 0.10156718641519547]","[0.9994139671325684, 0.9999998211860657]","[None, None]",,
r4_T3,0,30,0.9679,0.9959220961351637,0.024651702857017517,240.9458930492401,234752,187010.046875,"[0.1015625, 0.1015625]","[1.0, 1.0]","[None, None]",,
r4_T3,1,30,0.9693,0.9963610306576356,0.023792710936069487,241.81004858016968,234752,187010.0595703125,"[0.10156288743019104, 0.1015625]","[1.000000238418579, 1.0]","[None, None]",,
r4_T3,2,30,0.9674,0.996416428361781,0.022879816869894664,241.38565039634705,234752,187010.046875,"[0.1015625, 0.1015625]","[0.9999998211860657, 1.0]","[None, None]",,
r4_T5,0,30,0.9708,0.9975718206409943,0.02360210462808609,332.38106632232666,234752,187008.14687919617,"[0.1015625, 0.10007812827825546]","[1.0000003576278687, 0.9999998807907104]","[None, None]",,
r4_T5,1,30,0.9715,0.9974862556355072,0.02375057900349299,328.48404812812805,234752,186998.82187080383,"[0.1015625, 0.09279296547174454]","[1.0000005960464478, 1.0]","[None, None]",,
r4_T5,2,30,0.969,0.9963347904892214,0.024374112578233083,329.25679636001587,234752,187006.1428756714,"[0.1015625, 0.09851250052452087]","[1.0000007152557373, 1.0]","[None, None]",,
s4_dense,0,30,0.9777,0.9991328988414047,0.006592851151029269,434.33064103126526,234752,199538.98295593262,"[0.47716131806373596, 0.27446407079696655]",,"[None, None]",,"{4: {'acc': 0.8405, 'spikes': [39.6589, 4.9572], 'events': 111510.2696}, 8: {'acc': 0.9732, 'spikes': [124.0242, 17.6509], 'events': 228867.069}, 16: {'acc': 0.9774, 'spikes': [300.74, 49.2053], 'events': 464598.0626}, 32: {'acc': 0.978, 'spikes': [657.972, 114.4433], 'events': 936471.537}, 64: {'acc': 0.9781, 'spikes': [1374.8152, 245.8238], 'events': 1880698.2892}}"
s4_dense,1,30,0.979,0.9994395364931823,0.00671022330125173,434.3585784435272,234752,199430.9010696411,"[0.4734812378883362, 0.2842351496219635]",,"[None, None]",,"{4: {'acc': 0.8406, 'spikes': [40.8828, 4.1146], 'events': 111669.9716}, 8: {'acc': 0.9735, 'spikes': [125.9565, 16.4474], 'events': 229059.9236}, 16: {'acc': 0.9785, 'spikes': [304.0861, 47.9162], 'events': 464988.3844}, 32: {'acc': 0.9797, 'spikes': [664.3855, 112.7155], 'events': 937230.7966}, 64: {'acc': 0.9795, 'spikes': [1387.028, 243.8733], 'events': 1882180.9666}}"
s4_dense,2,30,0.9794,0.9990825504468198,0.006631441355248293,434.2288291454315,234752,199569.30657196045,"[0.4793781340122223, 0.24140390753746033]",,"[None, None]",,"{4: {'acc': 0.8136, 'spikes': [42.0141, 2.8785], 'events': 111809.1242}, 8: {'acc': 0.9739, 'spikes': [129.6803, 13.4663], 'events': 229482.2086}, 16: {'acc': 0.9776, 'spikes': [312.945, 39.3761], 'events': 465996.7306}, 32: {'acc': 0.9794, 'spikes': [682.9829, 92.8815], 'events': 939369.5318}, 64: {'acc': 0.9792, 'spikes': [1424.9138, 200.3671], 'events': 1886619.735}}"
s4_kwta05,0,30,0.9592,0.9891602309641513,0.037932899451255796,1017.1791138648987,234752,185276.046875,"[0.05078125, 0.046875]","[1.000000238418579, 0.9999999403953552]","[None, None]",,"{4: {'acc': 0.8638, 'spikes': [5.9887, 4.9826], 'events': 107200.738}, 8: {'acc': 0.9538, 'spikes': [25.3228, 22.8599], 'events': 216285.3798}, 16: {'acc': 0.9522, 'spikes': [73.0347, 66.7649], 'events': 435627.3802}, 32: {'acc': 0.9495, 'spikes': [172.3827, 158.7698], 'events': 874759.3716}, 64: {'acc': 0.9473, 'spikes': [373.4146, 344.3651], 'events': 1753504.4254}}"
s4_kwta05,1,30,0.9613,0.9896557016422424,0.03780769563118617,984.8569705486298,234752,185276.046875,"[0.05078125, 0.046875]","[1.0000011920928955, 0.9999999403953552]","[None, None]",,"{4: {'acc': 0.8313, 'spikes': [6.3468, 3.9003], 'events': 107247.2206}, 8: {'acc': 0.9526, 'spikes': [27.2583, 19.9625], 'events': 216461.705}, 16: {'acc': 0.9484, 'spikes': [77.7845, 62.0919], 'events': 436163.5366}, 32: {'acc': 0.9437, 'spikes': [182.6057, 151.874], 'events': 875954.5672}, 64: {'acc': 0.9408, 'spikes': [394.2523, 334.0305], 'events': 1756007.249}}"
s4_kwta05,2,30,0.9621,0.9892015721556033,0.04002652471462886,979.6386454105377,234752,185276.046875,"[0.05078125, 0.046875]","[1.0000014305114746, 0.9999999403953552]","[None, None]",,"{4: {'acc': 0.7595, 'spikes': [3.5174, 4.4963], 'events': 106897.7246}, 8: {'acc': 0.9519, 'spikes': [18.2236, 22.1932], 'events': 215303.02}, 16: {'acc': 0.9529, 'spikes': [58.5599, 68.2843], 'events': 433724.5198}, 32: {'acc': 0.9479, 'spikes': [144.0796, 163.2917], 'events': 871094.0114}, 64: {'acc': 0.9451, 'spikes': [317.8435, 354.3467], 'events': 1746454.5326}}"
s4_kwta10,0,30,0.9705,0.9969917119836305,0.024088320503632226,987.6787545681,234752,187002.56787490845,"[0.1015625, 0.09571953117847443]","[1.0000001192092896, 1.0]","[None, None]",,"{4: {'acc': 0.8465, 'spikes': [12.437, 7.175], 'events': 108048.0444}, 8: {'acc': 0.9589, 'spikes': [49.454, 30.2138], 'events': 219447.7124}, 16: {'acc': 0.9626, 'spikes': [138.0841, 87.3966], 'events': 444160.0204}, 32: {'acc': 0.9598, 'spikes': [321.8627, 210.3032], 'events': 894408.1456}, 64: {'acc': 0.9574, 'spikes': [692.8873, 461.6873], 'events': 1795570.153}}"
s4_kwta10,1,30,0.9713,0.997549497285697,0.023834513024489086,1019.3165097236633,234752,187007.3318786621,"[0.1015625, 0.09944140911102295]","[1.000001072883606, 0.9999999403953552]","[None, None]",,"{4: {'acc': 0.9076, 'spikes': [15.3596, 7.2629], 'events': 108434.485}, 8: {'acc': 0.9641, 'spikes': [59.6391, 31.4998], 'events': 220721.8204}, 16: {'acc': 0.9619, 'spikes': [159.8009, 90.4958], 'events': 446945.6748}, 32: {'acc': 0.9578, 'spikes': [365.7892, 218.4095], 'events': 900067.4102}, 64: {'acc': 0.9551, 'spikes': [780.4695, 479.1913], 'events': 1806894.6586}}"
s4_kwta10,2,30,0.971,0.9959262606158911,0.024863781821727753,1005.7764282226562,234752,187010.00087928772,"[0.1015625, 0.10152656584978104]","[1.0000007152557373, 1.0]","[None, None]",,"{4: {'acc': 0.8608, 'spikes': [13.6966, 6.1587], 'events': 108217.2862}, 8: {'acc': 0.9584, 'spikes': [55.1841, 31.3088], 'events': 220125.12}, 16: {'acc': 0.9609, 'spikes': [151.4333, 94.5658], 'events': 445875.13}, 32: {'acc': 0.9577, 'spikes': [349.541, 232.2211], 'events': 898082.3646}, 64: {'acc': 0.9552, 'spikes': [748.5211, 512.1875], 'events': 1803159.6734}}"
s4_kwta25,0,30,0.973,0.9981518984644948,0.02432836429476738,1079.9924674034119,234752,191975.81145858765,"[0.24987147748470306, 0.18435625731945038]","[1.000001072883606, 0.9999998211860657]","[None, None]",,"{4: {'acc': 0.1812, 'spikes': [10.6312, 0.9976], 'events': 107755.128}, 8: {'acc': 0.9462, 'spikes': [41.4617, 10.7438], 'events': 218229.998}, 16: {'acc': 0.9699, 'spikes': [130.07, 46.5129], 'events': 442725.3786}, 32: {'acc': 0.9702, 'spikes': [318.6609, 135.3086], 'events': 893248.3692}, 64: {'acc': 0.969, 'spikes': [701.7015, 324.1302], 'events': 1795322.7996}}"
s4_kwta25,1,30,0.9745,0.9981553226998029,0.023537295460700988,1082.0305104255676,234752,191981.36697387695,"[0.2499566376209259, 0.1865164041519165]","[1.0000008344650269, 0.9999999403953552]","[None, None]",,"{4: {'acc': 0.6245, 'spikes': [24.8271, 1.9261], 'events': 109592.957}, 8: {'acc': 0.9689, 'spikes': [86.62, 16.0018], 'events': 224020.3956}, 16: {'acc': 0.9707, 'spikes': [228.0173, 57.075], 'events': 455343.166}, 32: {'acc': 0.9685, 'spikes': [518.1694, 149.6605], 'events': 918884.5858}, 64: {'acc': 0.9674, 'spikes': [1102.2081, 340.591], 'events': 1846691.1964}}"
s4_kwta25,2,30,0.974,0.9984728723250784,0.022159431878725686,1082.665292263031,234752,191983.989402771,"[0.2499656230211258, 0.18833515048027039]","[1.0000007152557373, 1.0000001192092896]","[None, None]",,"{4: {'acc': 0.623, 'spikes': [23.1619, 1.5961], 'events': 109383.2186}, 8: {'acc': 0.9705, 'spikes': [83.7368, 14.3004], 'events': 223609.7816}, 16: {'acc': 0.9694, 'spikes': [223.6589, 50.1913], 'events': 454676.2618}, 32: {'acc': 0.9688, 'spikes': [510.6255, 132.1829], 'events': 917700.7986}, 64: {'acc': 0.9666, 'spikes': [1088.0634, 301.8459], 'events': 1844517.6718}}"
v2_full,0,30,0.9422,0.9837048766373947,0.10697660822868348,499.91907262802124,52544,46480.0085144043,"[0.24999843537807465, 0.25]","[0.9999997019767761, 0.9999998211860657]",,,
v2_full,1,30,0.9402,0.9929911309654595,0.10355995868047078,490.80097341537476,52544,46451.78673362732,"[0.24985156953334808, 0.1627468764781952]","[1.0000001192092896, 1.0]",,,
v2_full,2,30,0.9244,0.9834291024665923,0.13115230937004088,497.03100204467773,52544,46480.01171875,"[0.25, 0.25]","[0.9999997615814209, 0.9999998807907104]",,,
v2_s10,0,30,0.849,0.9315597128518149,0.19260688886642455,495.81993865966797,52544,46107.68471765518,"[0.09375, 0.08647812157869339]","[1.0, 0.9999998807907104]",,,
v2_s10,1,30,0.9046,0.9755369747966226,0.1514243398030599,512.9040365219116,52544,46110.01171875,"[0.09375, 0.09375]","[0.9999999403953552, 0.9999999403953552]",,,
v2_s10,2,30,0.8645,0.9536146230167397,0.24243310480117797,492.64832830429077,52544,46109.501717567444,"[0.09375, 0.09215624630451202]","[1.0, 0.9999999403953552]",,,
v3_sleep25,0,30,0.5857,0.8504139788136278,0.4333207010904948,519.1887748241425,52544,46415.69173026085,"[0.2486875057220459, 0.05739999935030937]","[0.9999982714653015, 0.9999986290931702]",,,
v3_sleep25,1,30,0.3066,0.8024949306815806,0.782269524637858,519.2379767894745,52544,46471.259704589844,"[0.2457265555858612, 0.25]","[1.0, 0.9999873638153076]",,,
v3_sleep25,2,30,0.9216,0.9912730330579892,0.19715385239919025,519.2689752578735,52544,46464.20832157135,"[0.24730156362056732, 0.2178843766450882]","[0.9999998807907104, 0.9999996423721313]",,,
v5_base,0,30,0.9653,0.996860519787315,0.030574948473771412,359.0932276248932,234752,56193.78963618353,"[0.1015625, 0.1015625]","[1.0, 0.9999999403953552]","[0.2999989986419678, 0.29998779296875]","{0.5: 0.9593, 1.0: 0.9297}","{4: {'acc': 0.8989, 'spikes': [13.4638, 3.8697], 'events': 32470.88687398071}, 8: {'acc': 0.9607, 'spikes': [46.3161, 20.6766], 'events': 65829.65748662109}, 16: {'acc': 0.9615, 'spikes': [120.765, 71.8302], 'events': 133038.44999540405}, 32: {'acc': 0.9586, 'spikes': [272.9135, 180.8008], 'events': 267618.6141101379}, 64: {'acc': 0.958, 'spikes': [580.7618, 403.4736], 'events': 537012.4887842529}}"
v5_base,1,30,0.9669,0.9963100885251224,0.02989785554409027,359.63250732421875,234752,56193.78963618353,"[0.1015625, 0.1015625]","[1.0000001192092896, 1.0000001192092896]","[0.2999989986419678, 0.29998779296875]","{0.5: 0.9585, 1.0: 0.9307}","{4: {'acc': 0.8142, 'spikes': [8.1351, 4.1415], 'events': 32272.431748590086}, 8: {'acc': 0.9555, 'spikes': [30.3473, 23.4813], 'events': 65231.79412037353}, 16: {'acc': 0.9642, 'spikes': [84.9351, 80.8132], 'events': 131744.94144474488}, 32: {'acc': 0.9634, 'spikes': [198.7239, 207.4421], 'events': 265022.9453158386}, 64: {'acc': 0.9626, 'spikes': [429.1892, 469.579], 'events': 531835.0750375794}}"
v5_base,2,30,0.9623,0.9949944682528387,0.030602528003851572,348.1183476448059,234752,56193.78963618353,"[0.1015625, 0.1015625]","[1.0, 1.0]","[0.2999989986419678, 0.29998779296875]","{0.5: 0.9581, 1.0: 0.928}","{4: {'acc': 0.8854, 'spikes': [11.2138, 4.9205], 'events': 32400.451171405028}, 8: {'acc': 0.96, 'spikes': [39.7184, 27.9516], 'events': 65628.96762261352}, 16: {'acc': 0.9594, 'spikes': [106.4926, 96.1694], 'events': 132714.2202013977}, 32: {'acc': 0.9569, 'spikes': [243.6293, 240.1254], 'events': 267061.05795460206}, 64: {'acc': 0.955, 'spikes': [521.3694, 534.0513], 'events': 536026.7080615356}}"
v5_bbase,0,30,0.9617,0.996348381217451,0.028543900116284687,349.4170632362366,234752,56193.78963618353,"[0.1015625, 0.1015625]","[1.0000001192092896, 0.9999998211860657]","[0.2999989986419678, 0.29998779296875]","{0.5: 0.9562, 1.0: 0.929}",
v5_bbase,1,30,0.962,0.995969953942662,0.02922373516956965,347.8643362522125,234752,56193.78963618353,"[0.1015625, 0.1015625]","[0.9999999403953552, 1.0]","[0.2999989986419678, 0.29998779296875]","{0.5: 0.9548, 1.0: 0.9273}",
v5_bbase,2,30,0.9616,0.995596753123151,0.02934997582832972,347.34317445755005,234752,56193.78963618353,"[0.1015625, 0.1015625]","[1.0000001192092896, 1.0000001192092896]","[0.2999989986419678, 0.29998779296875]","{0.5: 0.9556, 1.0: 0.9278}",
v5_bgate,0,30,0.9629,0.9951160889941495,0.043325913286209106,375.0917670726776,234752,56193.78963618353,"[0.1015625, 0.1015625]","[1.0000001192092896, 1.0]","[0.2999989986419678, 0.29998779296875]","{0.5: 0.9561, 1.0: 0.928}",
v5_bgate,1,30,0.9619,0.9943388388171241,0.04988367569843928,373.9276521205902,234752,56193.78963618353,"[0.1015625, 0.1015625]","[1.0, 1.0]","[0.2999989986419678, 0.29998779296875]","{0.5: 0.9545, 1.0: 0.9268}",
v5_bgate,2,30,0.9629,0.9937620217779847,0.048932295036315916,351.5894134044647,234752,56193.78963618353,"[0.1015625, 0.1015625]","[1.0, 1.0]","[0.2999989986419678, 0.29998779296875]","{0.5: 0.9555, 1.0: 0.9268}",
v5_burst,0,30,0.9651,0.9943296432097718,0.05076603702704112,381.98787903785706,234752,56193.78963618353,"[0.1015625, 0.1015625]","[1.0000001192092896, 0.9999999403953552]","[0.2999989986419678, 0.29998779296875]","{0.5: 0.9566, 1.0: 0.9263}",
v5_burst,1,30,0.9631,0.9938532704225882,0.053367955005168916,379.6194624900818,234752,56193.78963618353,"[0.1015625, 0.1015625]","[1.0000001192092896, 0.9999998211860657]","[0.2999989986419678, 0.29998779296875]","{0.5: 0.9558, 1.0: 0.9273}",
v5_burst,2,30,0.9604,0.9935214181691409,0.061750269850095116,359.5352346897125,234752,56193.78963618353,"[0.1015625, 0.1015625]","[1.0000001192092896, 0.9999998807907104]","[0.2999989986419678, 0.29998779296875]","{0.5: 0.9539, 1.0: 0.9259}",
v5_dream,0,30,0.9523,0.9896627174109653,0.06956538114547729,380.13500332832336,234752,56193.78963618353,"[0.1015625, 0.1015625]","[1.0000001192092896, 0.9999999403953552]","[0.2999989986419678, 0.29998779296875]","{0.5: 0.9466, 1.0: 0.9133}",
v5_dream,1,30,0.951,0.9881934847716665,0.07348273359934489,378.7786784172058,234752,56193.78963618353,"[0.1015625, 0.1015625]","[1.0, 1.0]","[0.2999989986419678, 0.29998779296875]","{0.5: 0.9407, 1.0: 0.9064}",
v5_dream,2,30,0.9555,0.9886732131164443,0.0759371201912562,368.39910864830017,234752,56193.78963618353,"[0.1015625, 0.1015625]","[1.0000001192092896, 1.0]","[0.2999989986419678, 0.29998779296875]","{0.5: 0.9504, 1.0: 0.9142}",
v5_dream_strong,0,30,0.9011,0.9793326638023542,0.08893719701766968,376.0974688529968,234752,56193.78963618353,"[0.1015625, 0.1015625]","[1.000000238418579, 1.0]","[0.2999989986419678, 0.29998779296875]","{0.5: 0.8821, 1.0: 0.838}",
v5_dream_strong,1,30,0.8864,0.9700003482910748,0.09811720480918884,370.20799493789673,234752,56193.78963618353,"[0.1015625, 0.1015625]","[1.0000003576278687, 1.0]","[0.2999989986419678, 0.29998779296875]","{0.5: 0.8714, 1.0: 0.8261}",
v5_dream_strong,2,30,0.8922,0.9728221105863872,0.10457194492022197,370.31696796417236,234752,56193.78963618353,"[0.1015625, 0.1015625]","[0.9999999403953552, 0.9999999403953552]","[0.2999989986419678, 0.29998779296875]","{0.5: 0.8817, 1.0: 0.8393}",
v5_regrow,0,30,0.9556,0.993010927508249,0.03986180852254232,362.706933259964,234752,18817.65876493638,"[0.1015625, 0.1015625]","[0.9976353645324707, 0.9999998807907104]","[0.09999800473451614, 0.100006103515625]","{0.5: 0.946, 1.0: 0.9099}","{4: {'acc': 0.7563, 'spikes': [9.6028, 7.9292], 'events': 10840.438917149162}, 8: {'acc': 0.9482, 'spikes': [34.4319, 26.906], 'events': 21990.936836575318}, 16: {'acc': 0.9524, 'spikes': [92.9114, 79.8641], 'events': 44548.25925951557}, 32: {'acc': 0.952, 'spikes': [215.1595, 192.8996], 'events': 89792.17630956174}, 64: {'acc': 0.9512, 'spikes': [467.0345, 429.2369], 'events': 180493.74956268692}}"
v5_regrow,1,30,0.9496,0.9926453657790006,0.03990415279070536,355.94796776771545,234752,18817.65876493638,"[0.1015625, 0.1015625]","[0.9981884360313416, 1.0000001192092896]","[0.09999800473451614, 0.100006103515625]","{0.5: 0.9437, 1.0: 0.9057}","{4: {'acc': 0.72, 'spikes': [8.8056, 9.6684], 'events': 10848.772991453361}, 8: {'acc': 0.9442, 'spikes': [32.6867, 29.6161], 'events': 21991.453517826463}, 16: {'acc': 0.949, 'spikes': [89.1015, 84.2404], 'events': 44540.74381308842}, 32: {'acc': 0.9506, 'spikes': [207.1503, 203.2547], 'events': 89788.76434094486}, 64: {'acc': 0.9506, 'spikes': [452.5049, 448.4152], 'events': 180493.43685325986}}"
v5_regrow,2,30,0.9544,0.9940259968606193,0.03586883675257365,354.42400455474854,234752,18817.65876493638,"[0.1015625, 0.1015625]","[0.9981772899627686, 1.0]","[0.09999800473451614, 0.100006103515625]","{0.5: 0.9495, 1.0: 0.9104}","{4: {'acc': 0.2463, 'spikes': [10.3551, 3.3647], 'events': 10806.241508617592}, 8: {'acc': 0.918, 'spikes': [35.765, 10.7897], 'events': 21840.139171732902}, 16: {'acc': 0.9542, 'spikes': [95.4354, 31.285], 'events': 44088.2495616415}, 32: {'acc': 0.9539, 'spikes': [219.7215, 78.901], 'events': 88701.80940877342}, 64: {'acc': 0.9527, 'spikes': [475.806, 180.9404], 'events': 178119.40588846398}}"
v5_sgd01,0,30,0.936,0.9888138417945083,0.08535172805786133,359.7222409248352,234752,56193.78963618353,"[0.1015625, 0.1015625]","[0.9999974370002747, 0.9999998211860657]","[0.2999989986419678, 0.29998779296875]","{0.5: 0.9247, 1.0: 0.8935}",
v5_sgd01,1,30,0.9291,0.9882981047670218,0.08828589375813801,364.3002200126648,234752,56193.78963618353,"[0.1015625, 0.1015625]","[0.9999974966049194, 0.9999999403953552]","[0.2999989986419678, 0.29998779296875]","{0.5: 0.9202, 1.0: 0.8924}",
v5_sgd01,2,30,0.9417,0.9910388201350955,0.07791866768201192,346.6014623641968,234752,56193.78963618353,"[0.1015625, 0.1015625]","[0.9999974966049194, 0.9999998807907104]","[0.2999989986419678, 0.29998779296875]","{0.5: 0.9354, 1.0: 0.9018}",
v5_sgd02,0,30,0.9526,0.9936366994900554,0.04609463561375936,372.1166481971741,234752,56193.78963618353,"[0.1015625, 0.1015625]","[0.999998927116394, 1.0]","[0.2999989986419678, 0.29998779296875]","{0.5: 0.9437, 1.0: 0.9137}",
v5_sgd02,1,30,0.9481,0.9929445145866387,0.050880925035476685,377.4022445678711,234752,56193.78963618353,"[0.1015625, 0.1015625]","[0.9999988079071045, 1.0]","[0.2999989986419678, 0.29998779296875]","{0.5: 0.9407, 1.0: 0.9118}",
v5_sgd02,2,30,0.9542,0.9924152335487844,0.04775553675889969,356.80841732025146,234752,56193.78963618353,"[0.1015625, 0.1015625]","[0.9999987483024597, 0.9999998807907104]","[0.2999989986419678, 0.29998779296875]","{0.5: 0.9497, 1.0: 0.918}",
v6_base,0,30,0.9651,0.9943296432097718,0.05076603702704112,359.99314737319946,234752,56193.78963618353,"[0.1015625, 0.1015625]","[1.0000001192092896, 0.9999999403953552]","[0.2999989986419678, 0.29998779296875]","{0.5: 0.9566, 1.0: 0.9263}","{4: {'acc': 0.9105, 'spikes': [10.8232, 8.6834], 'events': 32417.628959918213}, 8: {'acc': 0.9585, 'spikes': [38.0244, 46.3664], 'events': 65768.16716240234}, 16: {'acc': 0.9597, 'spikes': [102.0434, 135.9693], 'events': 132960.96080790405}, 32: {'acc': 0.9577, 'spikes': [234.3884, 318.9817], 'events': 267521.1194656067}, 64: {'acc': 0.9556, 'spikes': [502.4896, 691.0349], 'events': 536882.5716045655}}"
v6_base,1,30,0.9631,0.9938532704225882,0.053367955005168916,358.7311222553253,234752,56193.78963618353,"[0.1015625, 0.1015625]","[1.0000001192092896, 0.9999998211860657]","[0.2999989986419678, 0.29998779296875]","{0.5: 0.9558, 1.0: 0.9273}","{4: {'acc': 0.8206, 'spikes': [9.4537, 10.3485], 'events': 32385.133928277588}, 8: {'acc': 0.9453, 'spikes': [33.4009, 43.5131], 'events': 65549.36558912354}, 16: {'acc': 0.9546, 'spikes': [91.6485, 129.4597], 'events': 132489.1905150574}, 32: {'acc': 0.9532, 'spikes': [212.8363, 304.7355], 'events': 266537.77342521364}, 64: {'acc': 0.9529, 'spikes': [460.3585, 657.8485], 'events': 534914.6224555481}}"
v6_base,2,30,0.9604,0.9935214181691409,0.061750269850095116,339.57298612594604,234752,56193.78963618353,"[0.1015625, 0.1015625]","[1.0000001192092896, 0.9999998807907104]","[0.2999989986419678, 0.29998779296875]","{0.5: 0.9539, 1.0: 0.9259}","{4: {'acc': 0.9178, 'spikes': [9.3102, 9.4741], 'events': 32372.89190578003}, 8: {'acc': 0.9558, 'spikes': [33.9297, 54.9988], 'events': 65677.16258745728}, 16: {'acc': 0.9559, 'spikes': [94.8721, 154.4065], 'events': 132850.38215842895}, 32: {'acc': 0.9527, 'spikes': [220.9065, 355.8066], 'events': 267345.34993897704}, 64: {'acc': 0.9526, 'spikes': [476.7392, 760.4355], 'events': 536576.8201162232}}"
v6_mirror_d3,0,30,0.9612,0.9947767292073013,0.0517500210126241,316.64509081840515,234752,56193.78963618353,"[0.1015625, 0.1015625]","[0.9995880722999573, 0.9994754791259766]","[0.2999989986419678, 0.29998779296875]","{0.5: 0.9555, 1.0: 0.927}",
v6_mirror_d3,1,30,0.9631,0.9952703606252351,0.04689146987199783,315.38888716697693,234752,56193.78963618353,"[0.1015625, 0.1015625]","[0.9996193051338196, 0.9994372725486755]","[0.2999989986419678, 0.29998779296875]","{0.5: 0.9554, 1.0: 0.9272}",
v6_mirror_d3,2,30,0.9595,0.9930418381773849,0.060825296926498414,296.50140619277954,234752,56193.78963618353,"[0.1015625, 0.1015625]","[0.9995830655097961, 0.9994050860404968]","[0.2999989986419678, 0.29998779296875]","{0.5: 0.9535, 1.0: 0.9218}",
v6_mirror,0,30,0.9613,0.9942468375089655,0.012696324896812439,311.1667757034302,234752,56193.78963618353,"[0.1015625, 0.1015625]","[0.9993027448654175, 0.9990752339363098]","[0.2999989986419678, 0.29998779296875]","{0.5: 0.9509, 1.0: 0.8932}",
v6_mirror,1,30,0.9634,0.9940488348433275,0.017754926997423173,311.72720098495483,234752,56193.72663645819,"[0.1015625, 0.10151328146457672]","[0.9992725849151611, 0.999067485332489]","[0.2999989986419678, 0.29998779296875]","{0.5: 0.9518, 1.0: 0.8964}",
v6_mirror,2,30,0.9656,0.9950415206306493,0.018000913826624554,312.3528583049774,234752,56193.78963618353,"[0.1015625, 0.1015625]","[0.9992793798446655, 0.9990003108978271]","[0.2999989986419678, 0.29998779296875]","{0.5: 0.9565, 1.0: 0.91}",
v6_mult,0,30,0.7663,0.9496585803695531,0.4139912296295166,318.29030299186707,234752,56193.78963618353,"[0.1015625, 0.1015625]","[0.9999955892562866, 0.9999974370002747]","[0.2999989986419678, 0.29998779296875]","{0.5: 0.7553, 1.0: 0.7318}",
v6_mult,1,30,0.7939,0.9574509451961818,0.4045340337753296,313.38617491722107,234752,56193.78963618353,"[0.1015625, 0.1015625]","[0.9999983310699463, 0.9999960064888]","[0.2999989986419678, 0.29998779296875]","{0.5: 0.786, 1.0: 0.748}",
v6_mult,2,30,0.8038,0.9614649177834466,0.4265253392537435,308.6842725276947,234752,56193.79063754156,"[0.1015625, 0.10156328231096268]","[0.9999959468841553, 0.9999973177909851]","[0.2999989986419678, 0.29998779296875]","{0.5: 0.795, 1.0: 0.7534}",
v6_nokp,0,30,0.9621,0.9935104237683344,0.022007161871592205,306.30396127700806,234752,56193.78963618353,"[0.1015625, 0.1015625]","[0.8881921768188477, 0.9591540098190308]","[0.2999989986419678, 0.29998779296875]","{0.5: 0.9486, 1.0: 0.889}",
v6_nokp,1,30,0.9618,0.9923788225902328,0.024518336967627206,306.11950039863586,234752,56193.78963618353,"[0.1015625, 0.1015625]","[0.8838723301887512, 0.9449384212493896]","[0.2999989986419678, 0.29998779296875]","{0.5: 0.9518, 1.0: 0.8984}",
v6_nokp,2,30,0.9638,0.9954827035011032,0.01856272406776746,303.4020404815674,234752,56193.78963618353,"[0.1015625, 0.1015625]","[0.8994291424751282, 0.9525783658027649]","[0.2999989986419678, 0.29998779296875]","{0.5: 0.9557, 1.0: 0.9105}",
v6_sgd03_cos,0,30,0.9362,0.9905526136399081,0.11956268814404805,382.7679934501648,234752,56193.78963618353,"[0.1015625, 0.1015625]","[0.9999970197677612, 0.9999997019767761]","[0.2999989986419678, 0.29998779296875]","{0.5: 0.9285, 1.0: 0.9046}",
v6_sgd03_cos,1,30,0.9301,0.9898010054871369,0.12265225187937419,382.227242231369,234752,56193.78963618353,"[0.1015625, 0.1015625]","[0.999997079372406, 0.9999997019767761]","[0.2999989986419678, 0.29998779296875]","{0.5: 0.9215, 1.0: 0.9006}",
v6_sgd03_cos,2,30,0.9346,0.9901435565464952,0.11571630551020304,346.44063806533813,234752,56193.78963618353,"[0.1015625, 0.1015625]","[0.9999969601631165, 0.9999997019767761]","[0.2999989986419678, 0.29998779296875]","{0.5: 0.9318, 1.0: 0.9055}",
v6_sgd05_cos,0,30,0.9462,0.992937409858502,0.0999871690750122,354.54122161865234,234752,56193.78963618353,"[0.1015625, 0.1015625]","[0.9999977946281433, 0.9999997615814209]","[0.2999989986419678, 0.29998779296875]","{0.5: 0.9369, 1.0: 0.9159}",
v6_sgd05_cos,1,30,0.9426,0.9930928050904594,0.09478310465812684,362.2943637371063,234752,56193.78963618353,"[0.1015625, 0.1015625]","[0.9999980926513672, 1.0]","[0.2999989986419678, 0.29998779296875]","{0.5: 0.9367, 1.0: 0.9145}",
v6_sgd05_cos,2,30,0.9444,0.9914301885226703,0.09342620061238607,362.875296831131,234752,56193.78963618353,"[0.1015625, 0.1015625]","[0.9999978542327881, 0.9999997615814209]","[0.2999989986419678, 0.29998779296875]","{0.5: 0.9419, 1.0: 0.9171}",
v6_spiketrain16,0,30,0.8467,0.9727508418001177,0.3878530108769735,678.1829223632812,234752,56193.78963618353,"[0.1015625, 0.1015625]","[0.9999962449073792, 0.9999962449073792]","[0.2999989986419678, 0.29998779296875]","{0.5: 0.839, 1.0: 0.8286}","{4: {'acc': 0.8215, 'spikes': [7.9219, 7.308], 'events': 32292.46957319946}, 8: {'acc': 0.8389, 'spikes': [25.8703, 54.0147], 'events': 65377.9517131836}, 16: {'acc': 0.8124, 'spikes': [66.3795, 146.6329], 'events': 131698.1587727478}, 32: {'acc': 0.7915, 'spikes': [151.0089, 331.2538], 'events': 264442.19794607547}, 64: {'acc': 0.7798, 'spikes': [322.9592, 705.9972], 'events': 530138.5077608154}}"
v6_spiketrain16,1,30,0.8644,0.9736617423137085,0.3857422601064046,668.39231300354,234752,56193.78963618353,"[0.1015625, 0.1015625]","[0.9999977946281433, 0.9999963641166687]","[0.2999989986419678, 0.29998779296875]","{0.5: 0.8583, 1.0: 0.844}","{4: {'acc': 0.827, 'spikes': [7.5638, 6.5668], 'events': 32274.74772124634}, 8: {'acc': 0.8596, 'spikes': [24.7541, 52.8837], 'events': 65311.04797974854}, 16: {'acc': 0.8476, 'spikes': [63.6566, 144.4668], 'events': 131564.41629240112}, 32: {'acc': 0.8301, 'spikes': [145.3971, 326.2891], 'events': 264163.7495189636}, 64: {'acc': 0.8229, 'spikes': [311.793, 697.7849], 'events': 529609.3033891418}}"
v6_spiketrain16,2,30,0.8619,0.9735784585796129,0.3788349016825358,663.6322913169861,234752,56193.78963618353,"[0.1015625, 0.1015625]","[0.9999974966049194, 0.9999963641166687]","[0.2999989986419678, 0.29998779296875]","{0.5: 0.8562, 1.0: 0.8371}","{4: {'acc': 0.8407, 'spikes': [11.3631, 4.577], 'events': 32402.74905812378}, 8: {'acc': 0.8501, 'spikes': [33.9295, 45.0915], 'events': 65578.08190776978}, 16: {'acc': 0.8338, 'spikes': [84.4539, 124.277], 'events': 132149.04455686646}, 32: {'acc': 0.8209, 'spikes': [189.5001, 281.0964], 'events': 265392.291251477}, 64: {'acc': 0.8137, 'spikes': [401.8531, 600.1417], 'events': 532098.3728857544}}"
v6_spiketrain8,0,30,0.7968,0.9679808264304383,0.47238786856333415,634.1786136627197,234752,56193.78963618353,"[0.1015625, 0.1015625]","[0.9999947547912598, 0.9999973773956299]","[0.2999989986419678, 0.29998779296875]","{0.5: 0.7907, 1.0: 0.7796}","{4: {'acc': 0.824, 'spikes': [8.7064, 4.7145], 'events': 32296.658147418213}, 8: {'acc': 0.822, 'spikes': [27.6354, 46.197], 'events': 65367.551795214844}, 16: {'acc': 0.7979, 'spikes': [70.4156, 125.1284], 'events': 131638.09370634155}, 32: {'acc': 0.7835, 'spikes': [159.398, 280.6968], 'events': 264258.7562781067}, 64: {'acc': 0.776, 'spikes': [339.3953, 602.5738], 'events': 529735.3943194092}}"
v6_spiketrain8,1,30,0.8095,0.968239138057184,0.47573104362487795,629.0868227481842,234752,56193.78963618353,"[0.1015625, 0.1015625]","[0.9999952912330627, 0.9999974966049194]","[0.2999989986419678, 0.29998779296875]","{0.5: 0.8056, 1.0: 0.7961}","{4: {'acc': 0.786, 'spikes': [6.6254, 3.6205], 'events': 32209.25162749634}, 8: {'acc': 0.8297, 'spikes': [22.4785, 39.8526], 'events': 65093.35749537354}, 16: {'acc': 0.808, 'spikes': [59.5012, 113.8321], 'events': 131098.50842521363}, 32: {'acc': 0.7959, 'spikes': [138.2319, 259.8506], 'events': 263224.23203458864}, 64: {'acc': 0.7854, 'spikes': [298.4934, 565.4206], 'events': 527774.9765297668}}"
v6_spiketrain8,2,30,0.7952,0.9640390475891337,0.48700687917073565,632.5107917785645,234752,56193.78963618353,"[0.1015625, 0.1015625]","[0.9999947547912598, 0.9999973177909851]","[0.2999989986419678, 0.29998779296875]","{0.5: 0.7876, 1.0: 0.7739}","{4: {'acc': 0.7741, 'spikes': [9.2568, 7.5928], 'events': 32352.02842921753}, 8: {'acc': 0.7742, 'spikes': [28.6645, 47.1302], 'events': 65396.30113433227}, 16: {'acc': 0.742, 'spikes': [72.1645, 122.2447], 'events': 131656.82779905395}, 32: {'acc': 0.7253, 'spikes': [162.9327, 280.1228], 'events': 264362.40860303957}, 64: {'acc': 0.7157, 'spikes': [347.3573, 608.727], 'events': 530091.6723154419}}"
v6_sweep_mult,0,30,0.8997,0.984834844933417,0.23260846322377524,100.10145306587219,234752,56193.78963618353,"[0.1015625, 0.1015625]","[1.000000238418579, 0.9999969601631165]","[0.2999989986419678, 0.29998779296875]","{0.5: 0.8897, 1.0: 0.8563}",
v6_sweep_mult,1,30,0.9057,0.9861817460668185,0.23054326372146605,101.1786892414093,234752,56193.78963618353,"[0.1015625, 0.1015625]","[1.000000238418579, 0.9999915957450867]","[0.2999989986419678, 0.29998779296875]","{0.5: 0.8952, 1.0: 0.8663}",
v6_sweep_mult,2,30,0.9219,0.9891923885645613,0.21606948410669963,100.87400674819946,234752,56193.78963618353,"[0.1015625, 0.1015625]","[1.0000004768371582, 0.9999945163726807]","[0.2999989986419678, 0.29998779296875]","{0.5: 0.9163, 1.0: 0.8852}",
v6_sweep,0,30,0.965,0.9967607432464867,0.08074356484413146,108.30836033821106,234752,56193.78963618353,"[0.1015625, 0.1015625]","[1.0000001192092896, 0.9999999403953552]","[0.2999989986419678, 0.29998779296875]","{0.5: 0.9598, 1.0: 0.9344}","{4: {'acc': 0.924, 'spikes': [12.5724, 4.8824], 'events': 32446.785506793214}, 8: {'acc': 0.9612, 'spikes': [45.2652, 24.2618], 'events': 65825.15656865234}, 16: {'acc': 0.9614, 'spikes': [119.6043, 81.8207], 'events': 133093.7859289978}, 32: {'acc': 0.9596, 'spikes': [272.1198, 205.9179], 'events': 267839.30827029416}, 64: {'acc': 0.958, 'spikes': [580.8129, 462.2547], 'events': 537602.2619444092}}"
v6_sweep,1,30,0.9661,0.9970500116987966,0.08401395161151887,107.93694400787354,234752,56193.78963618353,"[0.1015625, 0.1015625]","[0.9999998211860657, 0.9999997615814209]","[0.2999989986419678, 0.29998779296875]","{0.5: 0.9582, 1.0: 0.934}","{4: {'acc': 0.7932, 'spikes': [10.0017, 4.2536], 'events': 32345.227272027587}, 8: {'acc': 0.9567, 'spikes': [35.9764, 21.4675], 'events': 65427.80476490479}, 16: {'acc': 0.9622, 'spikes': [98.6846, 72.1229], 'events': 132185.9977611511}, 32: {'acc': 0.9607, 'spikes': [228.1376, 184.3611], 'events': 265921.5754369324}, 64: {'acc': 0.9589, 'spikes': [489.5158, 413.1013], 'events': 533586.7452172668}}"
v6_sweep,2,30,0.9642,0.9959694695121062,0.08138364120324452,105.68796229362488,234752,56193.78963618353,"[0.1015625, 0.1015625]","[1.0, 0.9999998807907104]","[0.2999989986419678, 0.29998779296875]","{0.5: 0.9588, 1.0: 0.9319}","{4: {'acc': 0.8477, 'spikes': [12.6002, 3.4035], 'events': 32438.51676515503}, 8: {'acc': 0.9605, 'spikes': [44.471, 20.5873], 'events': 65737.81703667603}, 16: {'acc': 0.9599, 'spikes': [117.4156, 77.7769], 'events': 132949.72133421022}, 32: {'acc': 0.959, 'spikes': [266.977, 201.74], 'events': 267573.7191538208}, 64: {'acc': 0.9578, 'spikes': [570.326, 455.9524], 'events': 537125.5760068481}}"
